CREATE TABLE `attendance_codes` (  `attendance_codes_id` int(10) unsigned NOT NULL auto_increment,  `attendance_codes_desc` varchar(30) NOT NULL default '',  PRIMARY KEY  (`attendance_codes_id`)) ENGINE=MyISAM AUTO_INCREMENT=37 DEFAULT CHARSET=latin1;
INSERT INTO attendance_codes VALUES('1', 'MOM DROVE/NO NOTE');
INSERT INTO attendance_codes VALUES('2', 'DAD DROVE/NO NOTE');
INSERT INTO attendance_codes VALUES('3', 'AUNT/UNCLE DROVE/NO NOTE');
INSERT INTO attendance_codes VALUES('4', 'GRANDPARENT DR/NO NOTE');
INSERT INTO attendance_codes VALUES('5', 'DRS APPT');
INSERT INTO attendance_codes VALUES('6', 'DENTAL APPT');
INSERT INTO attendance_codes VALUES('7', 'ILL/NURSE/PARENT IN');
INSERT INTO attendance_codes VALUES('8', 'Walked - Late ');
INSERT INTO attendance_codes VALUES('9', 'Rode Bike - Late ');
INSERT INTO attendance_codes VALUES('10', 'Travel -Field Trip Excused ');
INSERT INTO attendance_codes VALUES('11', 'LATE MORE THAN 1 HOUR');
INSERT INTO attendance_codes VALUES('12', 'Tardy - Parent Brought In ');
INSERT INTO attendance_codes VALUES('13', 'Note From Parent - OK ');
INSERT INTO attendance_codes VALUES('14', 'PARENT/GUARDIAN CAME IN');
INSERT INTO attendance_codes VALUES('16', 'FUNERAL');
INSERT INTO attendance_codes VALUES('21', 'AM ILLNESS ');
INSERT INTO attendance_codes VALUES('30', 'FIELD TRIP EXCUSED AM');
INSERT INTO attendance_codes VALUES('31', 'FIELD TRIP EXCUSED');
INSERT INTO attendance_codes VALUES('32', 'Starting HomeSchooling');
INSERT INTO attendance_codes VALUES('36', 'ISS Other ');CREATE TABLE `attendance_history` (  `attendance_history_id` int(10) unsigned NOT NULL auto_increment,  `attendance_history_student` int(10) unsigned default NULL,  `attendance_history_school` int(10) unsigned default NULL,  `attendance_history_year` int(10) unsigned default NULL,  `attendance_history_date` date default NULL,  `attendance_history_code` int(10) unsigned default NULL,  `attendance_history_notes` tinytext,  `attendance_history_user` int(10) unsigned default NULL,  PRIMARY KEY  (`attendance_history_id`),  KEY `attendance_history_student_ndx` (`attendance_history_student`)) ENGINE=MyISAM AUTO_INCREMENT=500 DEFAULT CHARSET=latin1;
INSERT INTO attendance_history VALUES('8', '26', '7', '1', '2005-09-08', '10', 'FUNERAL', '9');
INSERT INTO attendance_history VALUES('13', '90', '7', '1', '2005-09-08', '4', '', '9');
INSERT INTO attendance_history VALUES('14', '90', '7', '1', '2005-09-07', '4', '', '9');
INSERT INTO attendance_history VALUES('15', '2', '7', '1', '2005-09-08', '11', '', '9');
INSERT INTO attendance_history VALUES('25', '1', '7', '1', '2005-09-09', '10', '', '9');
INSERT INTO attendance_history VALUES('26', '62', '7', '1', '2005-09-09', '10', '', '9');
INSERT INTO attendance_history VALUES('34', '24', '7', '1', '2005-09-10', '10', '', '9');
INSERT INTO attendance_history VALUES('35', '1', '7', '1', '2005-09-10', '10', '', '9');
INSERT INTO attendance_history VALUES('39', '69', '7', '1', '2005-09-10', '2', 'NOTE/PARENT', '9');
INSERT INTO attendance_history VALUES('41', '37', '7', '1', '2005-09-10', '10', 'DRS APPT', '9');
INSERT INTO attendance_history VALUES('43', '72', '7', '1', '2005-09-10', '7', 'PARENT/GUARDIAN CAME IN', '9');
INSERT INTO attendance_history VALUES('47', '47', '7', '1', '2005-09-10', '5', 'PARENT/GUARDIAN CAME IN', '9');
INSERT INTO attendance_history VALUES('48', '55', '7', '1', '2005-09-10', '9', 'PARENT/GUARDIAN CAME IN', '9');
INSERT INTO attendance_history VALUES('57', '92', '7', '1', '2005-09-13', '2', 'NOTE/PARENT', '9');
INSERT INTO attendance_history VALUES('63', '76', '7', '1', '2005-09-13', '1', '', '9');
INSERT INTO attendance_history VALUES('67', '37', '7', '1', '2005-09-13', '3', 'ILL/NURSE/PARENT IN', '9');
INSERT INTO attendance_history VALUES('68', '39', '7', '1', '2005-09-13', '5', 'PARENT/GUARDIAN CAME IN', '9');
INSERT INTO attendance_history VALUES('75', '64', '7', '1', '2005-09-14', '2', 'MOM DROVE/NO NOTE', '9');
INSERT INTO attendance_history VALUES('83', '2', '7', '1', '2005-09-14', '5', 'NOTE/PARENT', '9');
INSERT INTO attendance_history VALUES('89', '81', '7', '1', '2005-09-15', '2', 'GRANDPARENT DR/NO NOTE', '9');
INSERT INTO attendance_history VALUES('91', '38', '7', '1', '2005-09-15', '2', 'NO NOTE', '9');
INSERT INTO attendance_history VALUES('92', '85', '7', '1', '2005-09-15', '2', 'GRANDPARENT DR/NO NOTE', '9');
INSERT INTO attendance_history VALUES('101', '68', '7', '1', '2005-09-15', '2', 'NOTE/PARENT', '9');
INSERT INTO attendance_history VALUES('104', '85', '7', '1', '2005-09-15', '5', '', '9');
INSERT INTO attendance_history VALUES('110', '37', '7', '1', '2005-09-16', '8', '', '9');
INSERT INTO attendance_history VALUES('121', '37', '7', '1', '2005-09-17', '10', '', '9');
INSERT INTO attendance_history VALUES('122', '85', '7', '1', '2005-09-17', '10', '', '9');
INSERT INTO attendance_history VALUES('124', '69', '7', '1', '2005-09-17', '10', 'NOTE/PARENT', '9');
INSERT INTO attendance_history VALUES('139', '27', '7', '1', '2005-09-17', '10', '', '9');
INSERT INTO attendance_history VALUES('141', '81', '7', '1', '2005-09-17', '1', '', '9');
INSERT INTO attendance_history VALUES('143', '64', '7', '1', '2005-09-17', '10', '', '9');
INSERT INTO attendance_history VALUES('144', '93', '7', '1', '2005-09-17', '1', '', '9');
INSERT INTO attendance_history VALUES('151', '17', '7', '1', '2005-09-17', '5', 'ILL/NURSE/PARENT IN', '9');
INSERT INTO attendance_history VALUES('160', '71', '7', '1', '2005-09-20', '2', 'NO NOTE', '9');
INSERT INTO attendance_history VALUES('164', '22', '7', '1', '2005-09-20', '2', 'DAD DROVE/NO NOTE', '9');
INSERT INTO attendance_history VALUES('171', '46', '7', '1', '2005-09-20', '10', '', '9');
INSERT INTO attendance_history VALUES('172', '48', '7', '1', '2005-09-20', '10', '', '9');
INSERT INTO attendance_history VALUES('173', '38', '7', '1', '2005-09-20', '1', '', '9');
INSERT INTO attendance_history VALUES('177', '15', '7', '1', '2005-09-20', '1', '', '9');
INSERT INTO attendance_history VALUES('181', '25', '7', '1', '2005-09-20', '10', '', '9');
INSERT INTO attendance_history VALUES('183', '52', '7', '1', '2005-09-16', '10', 'NOTE/PARENT', '9');
INSERT INTO attendance_history VALUES('184', '52', '7', '1', '2005-09-17', '10', 'NOTE/PARENT', '9');
INSERT INTO attendance_history VALUES('189', '8', '7', '1', '2005-09-21', '10', '', '9');
INSERT INTO attendance_history VALUES('190', '31', '7', '1', '2005-09-21', '10', '', '9');
INSERT INTO attendance_history VALUES('197', '38', '7', '1', '2005-09-21', '2', 'GRANDPARENT DR/NO NOTE', '9');
INSERT INTO attendance_history VALUES('200', '49', '7', '1', '2005-09-21', '1', '', '9');
INSERT INTO attendance_history VALUES('210', '85', '7', '1', '2005-09-21', '10', '', '9');
INSERT INTO attendance_history VALUES('219', '37', '7', '1', '2005-09-22', '8', '', '9');
INSERT INTO attendance_history VALUES('221', '9', '7', '1', '2005-09-21', '5', 'PARENT/GUARDIAN CAME IN', '9');
INSERT INTO attendance_history VALUES('228', '71', '7', '1', '2005-09-22', '2', 'NO NOTE', '9');
INSERT INTO attendance_history VALUES('230', '83', '7', '1', '2005-09-22', '2', 'OVERSLEPT', '9');
INSERT INTO attendance_history VALUES('232', '31', '7', '1', '2005-09-22', '10', '', '9');
INSERT INTO attendance_history VALUES('236', '66', '7', '1', '2005-09-22', '10', '', '9');
INSERT INTO attendance_history VALUES('237', '69', '7', '1', '2005-09-22', '10', 'DRS APPT', '9');
INSERT INTO attendance_history VALUES('241', '81', '7', '1', '2005-09-22', '1', '', '9');
INSERT INTO attendance_history VALUES('242', '6', '7', '1', '2005-09-22', '1', 'NOTE/PARENT', '9');
INSERT INTO attendance_history VALUES('254', '6', '7', '1', '2005-09-23', '1', 'NOTE/PARENT', '9');
INSERT INTO attendance_history VALUES('255', '93', '7', '1', '2005-09-23', '1', '', '9');
INSERT INTO attendance_history VALUES('256', '27', '7', '1', '2005-09-23', '2', 'DRS APPT', '9');
INSERT INTO attendance_history VALUES('259', '55', '7', '1', '2005-09-23', '5', 'PARENT/GUARDIAN CAME IN', '9');
INSERT INTO attendance_history VALUES('260', '70', '7', '1', '2005-09-23', '5', 'PARENT/GUARDIAN CAME IN', '9');
INSERT INTO attendance_history VALUES('263', '64', '7', '1', '2005-09-24', '5', 'DRS APPT', '9');
INSERT INTO attendance_history VALUES('264', '21', '7', '1', '2005-09-24', '5', 'NOTE/PARENT', '9');
INSERT INTO attendance_history VALUES('267', '50', '7', '1', '2005-09-24', '10', '', '9');
INSERT INTO attendance_history VALUES('268', '50', '7', '1', '2005-09-27', '10', '', '9');
INSERT INTO attendance_history VALUES('269', '96', '7', '1', '2005-09-24', '10', '', '9');
INSERT INTO attendance_history VALUES('274', '6', '7', '1', '2005-09-24', '2', 'NOTE/PARENT', '9');
INSERT INTO attendance_history VALUES('279', '85', '7', '1', '2005-09-24', '10', '', '9');
INSERT INTO attendance_history VALUES('281', '20', '7', '1', '2005-09-24', '1', '', '9');
INSERT INTO attendance_history VALUES('282', '93', '7', '1', '2005-09-24', '1', '', '9');
INSERT INTO attendance_history VALUES('286', '40', '7', '1', '2005-09-24', '8', '', '9');
INSERT INTO attendance_history VALUES('289', '40', '7', '1', '2005-09-27', '8', '', '9');
INSERT INTO attendance_history VALUES('291', '40', '7', '1', '2005-09-28', '8', '', '9');
INSERT INTO attendance_history VALUES('293', '40', '7', '1', '2005-09-29', '8', '', '9');
INSERT INTO attendance_history VALUES('296', '49', '7', '1', '2005-09-24', '3', 'PARENT/GUARDIAN CAME IN', '9');
INSERT INTO attendance_history VALUES('298', '40', '7', '1', '2005-09-23', '14', 'OFF SCHOOL GROUNDS', '9');
INSERT INTO attendance_history VALUES('303', '38', '7', '1', '2005-09-27', '2', 'GRANDPARENT DR/NO NOTE', '9');
INSERT INTO attendance_history VALUES('313', '81', '7', '1', '2005-09-27', '2', 'GRANDPARENT DR/NO NOTE', '9');
INSERT INTO attendance_history VALUES('316', '92', '7', '1', '2005-09-27', '2', 'NOTE/PARENT', '9');
INSERT INTO attendance_history VALUES('320', '80', '7', '1', '2005-09-27', '1', '', '9');
INSERT INTO attendance_history VALUES('321', '93', '7', '1', '2005-09-27', '1', '', '9');
INSERT INTO attendance_history VALUES('331', '6', '7', '1', '2005-09-28', '2', 'MOM DROVE/NO NOTE', '9');
INSERT INTO attendance_history VALUES('332', '41', '7', '1', '2005-09-28', '2', 'MOM DROVE/NO NOTE', '9');
INSERT INTO attendance_history VALUES('339', '43', '7', '1', '2005-09-28', '1', '', '9');
INSERT INTO attendance_history VALUES('340', '55', '7', '1', '2005-09-28', '1', '', '9');
INSERT INTO attendance_history VALUES('343', '83', '7', '1', '2005-09-28', '1', '', '9');
INSERT INTO attendance_history VALUES('350', '85', '7', '1', '2005-09-28', '10', '', '9');
INSERT INTO attendance_history VALUES('352', '9', '7', '1', '2005-09-28', '5', 'PARENT/GUARDIAN CAME IN', '9');
INSERT INTO attendance_history VALUES('361', '74', '7', '1', '2005-09-29', '2', 'TARDY/WITH PARENT', '9');
INSERT INTO attendance_history VALUES('363', '64', '7', '1', '2005-09-29', '2', 'MOM DROVE/NO NOTE', '9');
INSERT INTO attendance_history VALUES('365', '13', '7', '1', '2005-09-29', '2', 'NOTE/PARENT', '9');
INSERT INTO attendance_history VALUES('368', '65', '7', '1', '2005-09-29', '5', 'DENTAL APPT', '9');
INSERT INTO attendance_history VALUES('370', '22', '7', '1', '2005-09-29', '1', '', '9');
INSERT INTO attendance_history VALUES('371', '94', '7', '1', '2005-09-29', '1', '', '9');
INSERT INTO attendance_history VALUES('373', '76', '7', '1', '2005-09-29', '1', 'NOTE/PARENT', '9');
INSERT INTO attendance_history VALUES('379', '62', '7', '1', '2005-09-29', '10', '', '9');
INSERT INTO attendance_history VALUES('384', '37', '7', '1', '2005-09-30', '4', '', '9');
INSERT INTO attendance_history VALUES('385', '37', '7', '1', '2005-10-01', '8', '', '9');
INSERT INTO attendance_history VALUES('387', '6', '7', '1', '2005-09-30', '2', 'MOM DROVE/NO NOTE', '9');
INSERT INTO attendance_history VALUES('388', '66', '7', '1', '2005-09-30', '2', 'TARDY/PARENT CALLED IN', '9');
INSERT INTO attendance_history VALUES('398', '43', '7', '1', '2005-09-30', '1', '', '9');
INSERT INTO attendance_history VALUES('399', '40', '7', '1', '2005-09-30', '8', '', '9');
INSERT INTO attendance_history VALUES('402', '14', '7', '1', '2005-09-30', '1', '', '9');
INSERT INTO attendance_history VALUES('409', '88', '7', '1', '2005-09-30', '10', '', '9');
INSERT INTO attendance_history VALUES('416', '72', '7', '1', '2005-09-30', '9', 'DRS APPT', '9');
INSERT INTO attendance_history VALUES('420', '20', '7', '1', '2005-10-01', '10', '', '9');
INSERT INTO attendance_history VALUES('423', '6', '7', '1', '2005-10-01', '2', 'NOTE/PARENT', '9');
INSERT INTO attendance_history VALUES('425', '41', '7', '1', '2005-10-01', '2', 'PARENT/GUARDIAN CAME IN', '9');
INSERT INTO attendance_history VALUES('430', '68', '7', '1', '2005-10-01', '10', '', '9');
INSERT INTO attendance_history VALUES('433', '49', '7', '1', '2005-10-01', '1', '', '9');
INSERT INTO attendance_history VALUES('435', '54', '7', '1', '2005-10-01', '3', 'PARENT/GUARDIAN CAME IN', '9');
INSERT INTO attendance_history VALUES('438', '83', '7', '1', '2005-10-01', '1', '', '9');
INSERT INTO attendance_history VALUES('444', '38', '7', '1', '2005-10-01', '2', 'NOTE/PARENT', '9');
INSERT INTO attendance_history VALUES('447', '86', '7', '1', '2005-10-01', '3', 'PARENT/GUARDIAN CAME IN', '9');
INSERT INTO attendance_history VALUES('449', '85', '7', '1', '2005-10-01', '10', '', '9');
INSERT INTO attendance_history VALUES('454', '72', '7', '1', '2005-10-01', '9', 'PARENT/GUARDIAN CAME IN', '9');
INSERT INTO attendance_history VALUES('455', '58', '7', '1', '2005-10-04', '10', '', '9');
INSERT INTO attendance_history VALUES('456', '10', '7', '1', '2005-10-04', '10', '', '9');
INSERT INTO attendance_history VALUES('457', '11', '7', '1', '2005-10-04', '10', '', '9');
INSERT INTO attendance_history VALUES('461', '41', '7', '1', '2005-10-04', '2', 'TARDY/WITH PARENT', '9');
INSERT INTO attendance_history VALUES('466', '6', '7', '1', '2005-10-04', '2', 'MOM DROVE/NO NOTE', '9');
INSERT INTO attendance_history VALUES('469', '38', '7', '1', '2005-10-04', '2', 'GRANDPARENT DR/NO NOTE', '9');
INSERT INTO attendance_history VALUES('473', '71', '7', '1', '2005-10-04', '10', '', '9');
INSERT INTO attendance_history VALUES('475', '5', '7', '1', '2005-10-04', '2', 'TARDY/WITH PARENT', '9');
INSERT INTO attendance_history VALUES('477', '92', '7', '1', '2005-10-04', '2', 'NOTE/PARENT', '9');
INSERT INTO attendance_history VALUES('479', '37', '7', '1', '2005-10-04', '8', '', '9');
INSERT INTO attendance_history VALUES('480', '37', '7', '1', '2005-10-01', '4', 'PARENT/GUARDIAN CAME IN', '9');
INSERT INTO attendance_history VALUES('487', '1', '7', '1', '2005-10-04', '10', '', '9');
INSERT INTO attendance_history VALUES('492', '62', '7', '1', '2005-10-04', '2', 'NOTE/PARENT', '9');
INSERT INTO attendance_history VALUES('497', '90', '7', '1', '2005-10-04', '5', 'PARENT/GUARDIAN CAME IN', '9');
INSERT INTO attendance_history VALUES('498', '19', '7', '1', '2005-10-04', '3', 'PARENT/GUARDIAN CAME IN', '9');
INSERT INTO attendance_history VALUES('499', '58', '7', '1', '2005-10-05', '10', '', '9');CREATE TABLE `books` (  `books_id` int(11) unsigned NOT NULL auto_increment,  `books_flname` varchar(50) default NULL,  `books_address` varchar(50) default NULL,  `books_city` varchar(30) default NULL,  `books_state` varchar(20) default NULL,  `books_zip` varchar(6) default NULL,  `books_country` varchar(20) default NULL,  `books_phone` varchar(20) default NULL,  `books_fax` varchar(20) default NULL,  `books_email` varchar(30) default NULL,  `books_notes` varchar(100) default NULL,  `books_discount` int(5) default NULL,  `subscription_id` varchar(30) NOT NULL default '1RKBH4RC7WZR95MX5102',  PRIMARY KEY  (`books_id`)) ENGINE=MyISAM AUTO_INCREMENT=2 DEFAULT CHARSET=latin1;
INSERT INTO books VALUES('1', 'Versandbuchhandlung Werner M&auml;rz', 'P&uuml;rstling 3', 'Regau', 'Ober&ouml;sterreich', '4844', '&Ouml;sterreich', '07672-72072', '07672-72072-4', 'maerz@team-f.at', 'UID-Nr. ATU 56385236', '10', '1RKBH4RC7WZR95MX5102');CREATE TABLE `contact_to_students` (  `contact_to_students_id` int(10) unsigned NOT NULL auto_increment,  `contact_to_students_contact` int(10) unsigned default NULL,  `contact_to_students_student` int(10) unsigned default NULL,  `contact_to_students_internet` smallint(5) unsigned default NULL,  `contact_to_students_relation` int(10) unsigned default NULL,  `contact_to_students_residence` smallint(5) unsigned default NULL,  `contact_to_students_year` int(11) NOT NULL default '0',  `contact_to_students_primary` tinyint(4) NOT NULL default '0',  PRIMARY KEY  (`contact_to_students_id`),  KEY `contact_to_students_student_ndx` (`contact_to_students_student`),  KEY `contact_to_students_contact_ndx` (`contact_to_students_contact`)) ENGINE=MyISAM AUTO_INCREMENT=372 DEFAULT CHARSET=latin1;
INSERT INTO contact_to_students VALUES('1', '1', '1', '', '2', '1', '1', '1');
INSERT INTO contact_to_students VALUES('2', '2', '2', '', '1', '1', '1', '1');
INSERT INTO contact_to_students VALUES('3', '3', '3', '1', '2', '1', '1', '1');
INSERT INTO contact_to_students VALUES('4', '4', '4', '', '2', '1', '1', '1');
INSERT INTO contact_to_students VALUES('5', '5', '5', '', '2', '1', '1', '1');
INSERT INTO contact_to_students VALUES('6', '6', '6', '', '1', '1', '1', '1');
INSERT INTO contact_to_students VALUES('7', '7', '7', '', '2', '1', '1', '1');
INSERT INTO contact_to_students VALUES('8', '8', '8', '', '1', '1', '1', '1');
INSERT INTO contact_to_students VALUES('9', '9', '9', '', '1', '1', '1', '1');
INSERT INTO contact_to_students VALUES('10', '10', '10', '', '1', '1', '1', '1');
INSERT INTO contact_to_students VALUES('11', '11', '11', '', '1', '1', '1', '1');
INSERT INTO contact_to_students VALUES('12', '12', '12', '', '1', '1', '1', '1');
INSERT INTO contact_to_students VALUES('13', '13', '13', '', '2', '1', '1', '1');
INSERT INTO contact_to_students VALUES('14', '14', '14', '', '1', '1', '1', '1');
INSERT INTO contact_to_students VALUES('15', '15', '15', '', '1', '1', '1', '1');
INSERT INTO contact_to_students VALUES('16', '16', '16', '', '1', '1', '1', '1');
INSERT INTO contact_to_students VALUES('17', '17', '17', '', '1', '1', '1', '1');
INSERT INTO contact_to_students VALUES('18', '18', '18', '', '1', '1', '1', '1');
INSERT INTO contact_to_students VALUES('19', '19', '19', '', '1', '1', '1', '1');
INSERT INTO contact_to_students VALUES('20', '20', '20', '', '1', '1', '1', '1');
INSERT INTO contact_to_students VALUES('21', '21', '21', '', '1', '1', '1', '1');
INSERT INTO contact_to_students VALUES('22', '22', '22', '', '2', '1', '1', '1');
INSERT INTO contact_to_students VALUES('23', '23', '23', '', '1', '1', '1', '1');
INSERT INTO contact_to_students VALUES('24', '24', '24', '', '2', '1', '1', '1');
INSERT INTO contact_to_students VALUES('25', '25', '25', '', '1', '1', '1', '1');
INSERT INTO contact_to_students VALUES('26', '26', '26', '', '1', '1', '1', '1');
INSERT INTO contact_to_students VALUES('27', '27', '27', '', '1', '1', '1', '1');
INSERT INTO contact_to_students VALUES('28', '28', '28', '', '1', '1', '1', '1');
INSERT INTO contact_to_students VALUES('29', '29', '29', '1', '1', '1', '1', '1');
INSERT INTO contact_to_students VALUES('30', '30', '30', '', '2', '1', '1', '1');
INSERT INTO contact_to_students VALUES('31', '31', '31', '', '1', '1', '1', '1');
INSERT INTO contact_to_students VALUES('32', '32', '32', '', '1', '1', '1', '1');
INSERT INTO contact_to_students VALUES('33', '33', '33', '', '2', '1', '1', '1');
INSERT INTO contact_to_students VALUES('34', '34', '34', '1', '2', '1', '1', '1');
INSERT INTO contact_to_students VALUES('35', '35', '35', '', '1', '1', '1', '1');
INSERT INTO contact_to_students VALUES('36', '36', '36', '', '1', '1', '1', '1');
INSERT INTO contact_to_students VALUES('37', '37', '37', '', '1', '1', '1', '1');
INSERT INTO contact_to_students VALUES('38', '38', '38', '', '8', '1', '1', '1');
INSERT INTO contact_to_students VALUES('39', '39', '39', '', '1', '1', '1', '1');
INSERT INTO contact_to_students VALUES('40', '40', '40', '', '1', '1', '1', '1');
INSERT INTO contact_to_students VALUES('41', '41', '41', '', '2', '1', '1', '1');
INSERT INTO contact_to_students VALUES('42', '42', '42', '', '2', '1', '1', '1');
INSERT INTO contact_to_students VALUES('43', '43', '43', '', '1', '1', '1', '1');
INSERT INTO contact_to_students VALUES('44', '44', '44', '', '2', '1', '1', '1');
INSERT INTO contact_to_students VALUES('45', '45', '45', '', '2', '1', '1', '1');
INSERT INTO contact_to_students VALUES('46', '46', '46', '', '1', '1', '1', '1');
INSERT INTO contact_to_students VALUES('47', '47', '47', '', '1', '1', '1', '1');
INSERT INTO contact_to_students VALUES('48', '48', '48', '', '2', '1', '1', '1');
INSERT INTO contact_to_students VALUES('49', '49', '49', '', '9', '1', '1', '1');
INSERT INTO contact_to_students VALUES('50', '50', '50', '', '2', '1', '1', '1');
INSERT INTO contact_to_students VALUES('51', '51', '51', '', '2', '1', '1', '1');
INSERT INTO contact_to_students VALUES('52', '52', '52', '', '1', '1', '1', '1');
INSERT INTO contact_to_students VALUES('53', '53', '53', '', '1', '1', '1', '1');
INSERT INTO contact_to_students VALUES('54', '54', '54', '', '2', '1', '1', '1');
INSERT INTO contact_to_students VALUES('55', '55', '55', '', '1', '1', '1', '1');
INSERT INTO contact_to_students VALUES('56', '56', '56', '', '1', '1', '1', '1');
INSERT INTO contact_to_students VALUES('57', '57', '57', '', '2', '1', '1', '1');
INSERT INTO contact_to_students VALUES('58', '58', '58', '', '2', '1', '1', '1');
INSERT INTO contact_to_students VALUES('59', '59', '59', '', '1', '1', '1', '1');
INSERT INTO contact_to_students VALUES('60', '60', '60', '', '1', '1', '1', '1');
INSERT INTO contact_to_students VALUES('61', '61', '61', '', '1', '1', '1', '1');
INSERT INTO contact_to_students VALUES('62', '62', '62', '', '2', '1', '1', '1');
INSERT INTO contact_to_students VALUES('63', '63', '63', '', '9', '1', '1', '1');
INSERT INTO contact_to_students VALUES('64', '64', '64', '', '1', '1', '1', '1');
INSERT INTO contact_to_students VALUES('65', '65', '65', '', '2', '1', '1', '1');
INSERT INTO contact_to_students VALUES('66', '66', '66', '1', '1', '1', '1', '1');
INSERT INTO contact_to_students VALUES('67', '67', '67', '', '1', '1', '1', '1');
INSERT INTO contact_to_students VALUES('68', '68', '68', '', '2', '1', '1', '1');
INSERT INTO contact_to_students VALUES('69', '69', '69', '', '1', '1', '1', '1');
INSERT INTO contact_to_students VALUES('70', '70', '70', '', '1', '1', '1', '1');
INSERT INTO contact_to_students VALUES('71', '71', '71', '', '1', '1', '1', '1');
INSERT INTO contact_to_students VALUES('72', '72', '72', '', '2', '1', '1', '1');
INSERT INTO contact_to_students VALUES('73', '73', '73', '', '1', '1', '1', '1');
INSERT INTO contact_to_students VALUES('74', '74', '74', '', '1', '1', '1', '1');
INSERT INTO contact_to_students VALUES('75', '75', '75', '', '1', '1', '1', '1');
INSERT INTO contact_to_students VALUES('76', '76', '76', '', '1', '1', '1', '1');
INSERT INTO contact_to_students VALUES('77', '77', '77', '', '7', '1', '1', '1');
INSERT INTO contact_to_students VALUES('78', '78', '78', '', '1', '1', '1', '1');
INSERT INTO contact_to_students VALUES('79', '79', '79', '', '1', '1', '1', '1');
INSERT INTO contact_to_students VALUES('80', '80', '80', '', '1', '1', '1', '1');
INSERT INTO contact_to_students VALUES('81', '81', '81', '', '1', '1', '1', '1');
INSERT INTO contact_to_students VALUES('82', '82', '82', '', '1', '1', '1', '1');
INSERT INTO contact_to_students VALUES('83', '83', '83', '', '1', '1', '1', '1');
INSERT INTO contact_to_students VALUES('84', '84', '84', '', '1', '1', '1', '1');
INSERT INTO contact_to_students VALUES('85', '85', '85', '', '2', '1', '1', '1');
INSERT INTO contact_to_students VALUES('86', '86', '86', '', '1', '1', '1', '1');
INSERT INTO contact_to_students VALUES('87', '87', '87', '', '1', '1', '1', '1');
INSERT INTO contact_to_students VALUES('88', '88', '88', '', '1', '1', '1', '1');
INSERT INTO contact_to_students VALUES('89', '89', '89', '', '2', '1', '1', '1');
INSERT INTO contact_to_students VALUES('90', '90', '90', '', '2', '1', '1', '1');
INSERT INTO contact_to_students VALUES('91', '91', '91', '', '2', '1', '1', '1');
INSERT INTO contact_to_students VALUES('92', '92', '92', '', '2', '1', '1', '1');
INSERT INTO contact_to_students VALUES('93', '93', '93', '', '1', '1', '1', '1');
INSERT INTO contact_to_students VALUES('94', '94', '94', '', '1', '1', '1', '1');
INSERT INTO contact_to_students VALUES('95', '95', '95', '', '7', '1', '1', '1');
INSERT INTO contact_to_students VALUES('96', '96', '96', '', '2', '1', '1', '1');
INSERT INTO contact_to_students VALUES('97', '97', '97', '', '2', '1', '1', '1');
INSERT INTO contact_to_students VALUES('98', '98', '98', '', '2', '1', '1', '1');
INSERT INTO contact_to_students VALUES('99', '99', '99', '', '1', '1', '1', '1');
INSERT INTO contact_to_students VALUES('100', '100', '100', '', '1', '1', '1', '1');
INSERT INTO contact_to_students VALUES('371', '111', '45', '', '5', '0', '1', '0');
INSERT INTO contact_to_students VALUES('370', '110', '103', '', '5', '0', '1', '0');
INSERT INTO contact_to_students VALUES('369', '109', '103', '', '6', '1', '1', '1');
INSERT INTO contact_to_students VALUES('368', '108', '102', '', '6', '1', '1', '1');
INSERT INTO contact_to_students VALUES('367', '107', '101', '', '6', '1', '1', '1');
INSERT INTO contact_to_students VALUES('366', '106', '78', '', '7', '0', '1', '0');
INSERT INTO contact_to_students VALUES('365', '105', '78', '', '7', '0', '1', '0');
INSERT INTO contact_to_students VALUES('364', '104', '78', '', '7', '0', '1', '0');
INSERT INTO contact_to_students VALUES('363', '103', '78', '', '7', '0', '1', '0');
INSERT INTO contact_to_students VALUES('362', '102', '78', '', '6', '0', '1', '0');
INSERT INTO contact_to_students VALUES('361', '101', '78', '', '6', '0', '1', '0');
INSERT INTO contact_to_students VALUES('359', '71', '66', '', '5', '0', '1', '1');
INSERT INTO contact_to_students VALUES('360', '72', '66', '', '6', '0', '1', '1');CREATE TABLE `custom_attendance_history` (  `custom_attendance_history_id` int(11) NOT NULL auto_increment,  `custom_field_id` int(11) NOT NULL default '0',  `attendance_history_id` int(11) NOT NULL default '0',  `data` blob,  PRIMARY KEY  (`custom_attendance_history_id`)) ENGINE=MyISAM DEFAULT CHARSET=latin1;CREATE TABLE `custom_discipline_history` (  `custom_discipline_history_id` int(11) NOT NULL auto_increment,  `custom_field_id` int(11) NOT NULL default '0',  `discipline_history_id` int(11) NOT NULL default '0',  `data` blob,  PRIMARY KEY  (`custom_discipline_history_id`)) ENGINE=MyISAM AUTO_INCREMENT=15 DEFAULT CHARSET=latin1;
INSERT INTO custom_discipline_history VALUES('1', '1', '0', 'test');
INSERT INTO custom_discipline_history VALUES('2', '1', '1467', 'test');
INSERT INTO custom_discipline_history VALUES('3', '2', '0', 'sdfsdf');
INSERT INTO custom_discipline_history VALUES('4', '1', '0', 'sdfdsf');
INSERT INTO custom_discipline_history VALUES('5', '1', '0', 'sdfsdf');
INSERT INTO custom_discipline_history VALUES('6', '1', '0', 'sdfsdf');
INSERT INTO custom_discipline_history VALUES('7', '3', '0', 'dfgdfg');
INSERT INTO custom_discipline_history VALUES('8', '3', '0', 'sdf');
INSERT INTO custom_discipline_history VALUES('9', '3', '0', 'sdfsdfsdf');
INSERT INTO custom_discipline_history VALUES('10', '1', '0', 'gdfgdfgdfg');
INSERT INTO custom_discipline_history VALUES('11', '2', '0', 'dfgdfg');
INSERT INTO custom_discipline_history VALUES('12', '2', '0', 'sdfsdf');
INSERT INTO custom_discipline_history VALUES('13', '2', '0', 'sdfsdf');
INSERT INTO custom_discipline_history VALUES('14', '1', '0', 'test');CREATE TABLE `custom_fields` (  `custom_field_id` int(11) NOT NULL auto_increment,  `name` varchar(30) default NULL,  PRIMARY KEY  (`custom_field_id`)) ENGINE=MyISAM AUTO_INCREMENT=4 DEFAULT CHARSET=latin1;
INSERT INTO custom_fields VALUES('1', 'Title I Reading');
INSERT INTO custom_fields VALUES('2', 'English Limited');
INSERT INTO custom_fields VALUES('3', 'After School Tutored');CREATE TABLE `custom_grade_history` (  `custom_grade_history_id` int(11) NOT NULL auto_increment,  `custom_field_id` int(11) NOT NULL default '0',  `grade_history_id` int(11) NOT NULL default '0',  `data` blob,  PRIMARY KEY  (`custom_grade_history_id`)) ENGINE=MyISAM DEFAULT CHARSET=latin1;CREATE TABLE `custom_health_history` (  `custom_health_history_id` int(11) NOT NULL auto_increment,  `custom_field_id` int(11) NOT NULL default '0',  `health_history_id` int(11) NOT NULL default '0',  `data` blob,  PRIMARY KEY  (`custom_health_history_id`)) ENGINE=MyISAM DEFAULT CHARSET=latin1;CREATE TABLE `custom_studentbio` (  `custom_studentbio_id` int(11) NOT NULL auto_increment,  `custom_field_id` int(11) NOT NULL default '0',  `studentbio_id` int(11) NOT NULL default '0',  `data` blob,  PRIMARY KEY  (`custom_studentbio_id`)) ENGINE=MyISAM DEFAULT CHARSET=latin1;CREATE TABLE `discipline_history` (  `discipline_history_id` int(10) unsigned NOT NULL auto_increment,  `discipline_history_student` int(10) unsigned default NULL,  `discipline_history_school` int(10) unsigned default NULL,  `discipline_history_year` int(10) unsigned default NULL,  `discipline_history_code` int(10) unsigned default NULL,  `discipline_history_date` date default NULL,  `discipline_history_sdate` date default NULL,  `discipline_history_edate` date default NULL,  `discipline_history_action` varchar(50) default NULL,  `discipline_history_notes` tinytext,  `discipline_history_reporter` varchar(40) default NULL,  `discipline_history_user` int(10) unsigned default NULL,  PRIMARY KEY  (`discipline_history_id`),  KEY `discipline_history_student_ndx` (`discipline_history_student`)) ENGINE=MyISAM AUTO_INCREMENT=902 DEFAULT CHARSET=latin1;
INSERT INTO discipline_history VALUES('14', '54', '7', '1', '23', '2005-09-13', '2005-09-14', '2005-09-14', 'Warning', 'Threw pencil at student out bus window', 'Jeff McDonald', '9');
INSERT INTO discipline_history VALUES('17', '24', '7', '1', '23', '2005-09-14', '2005-09-15', '2005-09-15', 'Warning', '', 'Mr. Shanpe', '9');
INSERT INTO discipline_history VALUES('24', '37', '7', '1', '3', '2005-09-16', '2005-09-16', '2005-09-16', 'Suspended 1 day', '', 'Mr. Shanpe', '9');
INSERT INTO discipline_history VALUES('26', '66', '7', '1', '22', '2005-09-17', '2005-09-20', '2005-09-20', 'Warning', 'Removed another\'s material from desk & trying to get student out of chair.', 'Ruth Libertine', '9');
INSERT INTO discipline_history VALUES('34', '83', '7', '1', '22', '2005-09-20', '2005-09-21', '2005-09-21', 'Warning', 'Failure to complete class work; lack of class materials.Third Team warning.', 'Miss Sullivan', '9');
INSERT INTO discipline_history VALUES('37', '6', '7', '1', '22', '2005-09-20', '2005-09-21', '2005-09-21', 'Warning', 'Third Team warning; failure to complete classwork & lack of class materials. Detention from 8th grade team.', 'Amy Hannah', '9');
INSERT INTO discipline_history VALUES('41', '67', '7', '1', '22', '2005-09-20', '2005-09-21', '2005-09-21', 'Warning', 'Failure to complete classwork.; needs to return safety contract for science.', 'Miss Sullivan', '9');
INSERT INTO discipline_history VALUES('42', '66', '7', '1', '1', '2005-09-17', '2005-09-22', '2005-09-22', 'Warning', 'Threw eraser at student in Mrs. Smiht\'s class.', '', '9');
INSERT INTO discipline_history VALUES('47', '67', '7', '1', '15', '2005-09-21', '2005-09-22', '2005-09-23', 'Demerit', '', 'Mr. OConnor', '9');
INSERT INTO discipline_history VALUES('49', '90', '7', '1', '22', '2005-09-22', '2005-09-23', '2005-09-23', 'Warning', 'Failure to complete class work.', 'Carole LePlanque', '9');
INSERT INTO discipline_history VALUES('50', '96', '7', '1', '22', '2005-09-21', '2005-09-23', '2005-09-23', 'Warning', 'Failure to complete class work.', 'Carole LePlanque', '9');
INSERT INTO discipline_history VALUES('53', '37', '7', '1', '14', '2005-09-21', '2005-09-21', '2005-09-22', 'Suspended 2 days', '', 'Mr. Shanpe', '9');
INSERT INTO discipline_history VALUES('57', '38', '7', '1', '22', '2005-09-22', '2005-09-23', '2005-09-23', 'Warning', 'Failure to complete class work. Did not return science safety contract.', 'Miss Sullivan', '9');
INSERT INTO discipline_history VALUES('61', '40', '7', '1', '21', '2005-09-23', '2005-09-24', '2005-09-30', 'Notice sent home', '', 'Mr. OConnor', '9');
INSERT INTO discipline_history VALUES('63', '83', '7', '1', '15', '2005-09-24', '2005-09-27', '2005-09-27', 'Warning', '', 'Miss Sullivan', '9');
INSERT INTO discipline_history VALUES('67', '9', '7', '1', '22', '2005-09-24', '2005-09-27', '2005-09-27', 'Warning', '3 Team warnings.', 'Miss Sullivan', '9');
INSERT INTO discipline_history VALUES('68', '44', '7', '1', '22', '2005-09-24', '2005-09-27', '2005-09-27', 'Warning', 'And shouting; 3Team warnings', 'Miss Sullivan', '9');
INSERT INTO discipline_history VALUES('70', '64', '7', '1', '22', '2005-09-24', '2005-09-27', '2005-09-27', 'Warning', 'Removed from classroom by police', 'Miss Sullivan', '9');
INSERT INTO discipline_history VALUES('71', '66', '7', '1', '22', '2005-09-24', '2005-09-27', '2005-09-27', 'Warning', 'Pretended to vomit.', 'Miss Sullivan', '9');
INSERT INTO discipline_history VALUES('72', '90', '7', '1', '22', '2005-09-24', '2005-09-27', '2005-09-27', 'Warning', 'Very loud noises.', 'Miss Sullivan', '9');
INSERT INTO discipline_history VALUES('78', '64', '7', '1', '22', '2005-09-24', '2005-09-27', '2005-09-27', 'Warning', 'Kicking, hitting, pushing another student.', 'June Casey', '9');
INSERT INTO discipline_history VALUES('79', '66', '7', '1', '8', '2005-09-24', '2005-09-28', '2005-09-28', 'Warning', 'Hands on horseplay.', 'June Casey', '9');
INSERT INTO discipline_history VALUES('80', '72', '7', '1', '8', '2005-09-24', '2005-09-28', '2005-09-28', 'Warning', 'Hands on horseplay.', 'Mr. OConnor', '9');
INSERT INTO discipline_history VALUES('96', '99', '7', '1', '22', '2005-09-23', '2005-09-29', '2005-09-29', 'Warning', '3 Team warnings', '', '9');
INSERT INTO discipline_history VALUES('102', '90', '7', '1', '2', '2005-09-28', '2005-09-30', '2005-09-30', 'Warning', 'Pushed the books out of another student\'s arms.\r\n', '', '9');
INSERT INTO discipline_history VALUES('103', '72', '7', '1', '15', '2005-09-28', '2005-09-29', '2005-09-30', 'Demerit', '', 'Mr. OConnor', '9');
INSERT INTO discipline_history VALUES('108', '90', '7', '1', '15', '2005-10-01', '2005-10-01', '2005-10-04', 'Demerit', '', 'Mr. OConnor', '9');
INSERT INTO discipline_history VALUES('109', '38', '7', '1', '22', '2005-09-29', '2005-10-04', '2005-10-04', 'Warning', 'Running in the cafeteria.', 'Miss Sullivan', '9');
INSERT INTO discipline_history VALUES('112', '52', '7', '1', '22', '2005-09-29', '2005-10-04', '2005-10-04', 'Warning', 'Laughed at teacher when disciplined.', 'Miss Sullivan', '9');
INSERT INTO discipline_history VALUES('113', '41', '7', '1', '22', '2005-09-29', '2005-10-04', '2005-10-04', 'Warning', 'Threatened teacher.', 'Miss Sullivan', '9');
INSERT INTO discipline_history VALUES('115', '37', '7', '1', '4', '2005-09-29', '2005-09-30', '2005-10-01', 'Notice sent home', 'Insolence to staff; out of assigned area.', 'Mr. Shanpe', '9');
INSERT INTO discipline_history VALUES('117', '37', '7', '1', '22', '2005-10-01', '2005-10-01', '2005-10-04', 'Suspended 1 day', 'Inappropriate physical behavior.', 'Mr. Shanpe', '9');
INSERT INTO discipline_history VALUES('128', '41', '7', '1', '10', '2005-10-05', '2005-10-05', '2005-10-05', 'Warning', '', 'Mr. OConnor', '9');
INSERT INTO discipline_history VALUES('135', '81', '7', '1', '22', '2005-10-05', '2005-10-06', '2005-10-06', 'Warning', 'Repeated gum chewing.', 'Lu Grondin', '9');
INSERT INTO discipline_history VALUES('138', '99', '7', '1', '22', '2005-09-30', '2005-09-30', '2005-09-30', 'Warning', 'Pushing & shoving.', 'Mrs. Dunbar', '9');
INSERT INTO discipline_history VALUES('140', '95', '7', '1', '3', '2005-10-05', '2005-10-07', '2005-10-07', 'Warning', 'Inappropriate language to field hockey team.', 'Mr. OConnor', '9');
INSERT INTO discipline_history VALUES('142', '19', '7', '1', '8', '2005-10-05', '2005-10-06', '2005-10-06', 'Warning', 'Jumping on a student. From M.Taylor.', '', '9');
INSERT INTO discipline_history VALUES('143', '38', '7', '1', '10', '2005-10-06', '2005-10-07', '2005-10-07', 'Warning', '', 'Mr. OConnor', '9');
INSERT INTO discipline_history VALUES('145', '37', '7', '1', '22', '2005-10-05', '2005-10-05', '2005-10-05', 'Suspended 1 day', 'Insubordination', 'Mr. Shanpe', '9');
INSERT INTO discipline_history VALUES('147', '90', '7', '1', '8', '2005-10-05', '2005-10-06', '2005-10-06', 'Warning', 'Hands on horseplay on a student.', 'Mr. OConnor', '9');
INSERT INTO discipline_history VALUES('167', '38', '7', '1', '15', '2005-10-04', '2005-10-07', '2005-10-08', 'Demerit', 'And 3 Team warnings. From Cappiello too.', 'Miss Sullivan', '9');
INSERT INTO discipline_history VALUES('172', '83', '7', '1', '22', '2005-10-08', '2005-10-12', '2005-10-12', 'Warning', 'From Mrs. Cappiello too. 3 Team warnings.', 'Miss Sullivan', '9');
INSERT INTO discipline_history VALUES('180', '67', '7', '1', '22', '2005-10-08', '2005-10-12', '2005-10-12', 'Warning', 'And Mrs. Cappiello too. 3 Team warnings.', 'Miss Sullivan', '9');
INSERT INTO discipline_history VALUES('185', '37', '7', '1', '22', '2005-10-08', '2005-10-08', '2005-10-08', 'Suspended 1 day', 'Inappropriate physical behavior. Refusal to follow directions.', 'Mr. OConnor', '9');
INSERT INTO discipline_history VALUES('188', '99', '7', '1', '17', '2005-10-08', '2005-10-08', '2005-10-08', 'Suspended 3 days', 'To another student.', 'Mr. OConnor', '9');
INSERT INTO discipline_history VALUES('191', '19', '7', '1', '6', '2005-10-12', '2005-10-13', '2005-10-13', 'Warning', 'Shooting pencil lead in class.', 'Mr. OConnor', '9');
INSERT INTO discipline_history VALUES('194', '64', '7', '1', '22', '2005-10-13', '2005-10-15', '2005-10-15', 'Warning', '3 Team warnings. Team teachers.', '', '9');
INSERT INTO discipline_history VALUES('208', '54', '7', '1', '5', '2005-10-15', '2005-10-18', '2005-10-18', 'Warning', 'Would not do modified classwork .', 'Donna Butcher', '9');
INSERT INTO discipline_history VALUES('209', '44', '7', '1', '22', '2005-10-15', '2005-10-18', '2005-10-18', 'Warning', 'Candy/gum.', 'Miss Sullivan', '9');
INSERT INTO discipline_history VALUES('213', '54', '7', '1', '3', '2005-10-18', '2005-10-19', '2005-10-21', 'Notice sent home', 'Inappropriate comments & drawing.', 'Mr. OConnor', '9');
INSERT INTO discipline_history VALUES('216', '44', '7', '1', '15', '2005-10-18', '2005-10-19', '2005-10-20', 'Demerit', 'And on the 19th.', 'Mr. OConnor', '9');
INSERT INTO discipline_history VALUES('219', '64', '7', '1', '8', '2005-10-19', '2005-10-20', '2005-10-20', 'Warning', 'Attempting to drag student by the leg.', 'Mary Capster', '9');
INSERT INTO discipline_history VALUES('220', '66', '7', '1', '2', '2005-10-19', '2005-10-20', '2005-10-20', 'Warning', 'Repeatedly using the word \"gay\" when asked to stop.', 'Ruth Libertine', '9');
INSERT INTO discipline_history VALUES('221', '9', '7', '1', '22', '2005-10-18', '2005-10-20', '2005-10-20', 'Warning', 'Took student\'s paper without permission.', 'Mr. Shanpe', '9');
INSERT INTO discipline_history VALUES('224', '83', '7', '1', '22', '2005-10-19', '2005-10-22', '2005-10-22', 'Warning', '3 Team warnings. From Team 8.', 'Mary Capster', '9');
INSERT INTO discipline_history VALUES('227', '52', '7', '1', '22', '2005-10-19', '2005-10-22', '2005-10-22', 'Warning', 'And Team 8. 3 Team warnings.', 'Mary Capster', '9');
INSERT INTO discipline_history VALUES('232', '100', '7', '1', '8', '2005-10-20', '2005-10-25', '2005-10-25', 'Warning', '', 'Beth Donohoe', '9');
INSERT INTO discipline_history VALUES('238', '26', '7', '1', '8', '2005-10-19', '2005-10-22', '2005-10-22', 'Warning', 'Repeated pushing of forehead of a student.', 'Sixth Grade', '9');
INSERT INTO discipline_history VALUES('240', '6', '7', '1', '10', '2005-10-21', '2005-10-22', '2005-10-22', 'Warning', '', 'Mr. OConnor', '9');
INSERT INTO discipline_history VALUES('241', '19', '7', '1', '23', '2005-10-18', '2005-10-22', '2005-10-22', 'Warning', 'Not staying in assigned seat.', 'Mr. OConnor', '9');
INSERT INTO discipline_history VALUES('245', '41', '7', '1', '10', '2005-10-22', '2005-10-25', '2005-10-25', 'Warning', '', 'Mr. OConnor', '9');
INSERT INTO discipline_history VALUES('248', '99', '7', '1', '23', '2005-10-22', '2005-10-26', '2005-10-26', 'Warning', 'Failure to sit in assigned seat.', 'Mr. Shanpe', '9');
INSERT INTO discipline_history VALUES('250', '6', '7', '1', '1', '2005-10-22', '2005-10-27', '2005-10-27', 'Warning', 'Chasing another student around the room.', 'Mary Capster', '9');
INSERT INTO discipline_history VALUES('253', '66', '7', '1', '22', '2005-10-22', '2005-10-26', '2005-10-26', 'Warning', '3 Team warnings from Team 8.', 'Mary Capster', '9');
INSERT INTO discipline_history VALUES('254', '44', '7', '1', '22', '2005-10-22', '2005-10-26', '2005-10-26', 'Warning', '3 Team warnings from Team 8.', 'Mary Capster', '9');
INSERT INTO discipline_history VALUES('255', '90', '7', '1', '22', '2005-10-22', '2005-10-26', '2005-10-26', 'Warning', '3 Team warnings from Team 8.', 'Mary Capster', '9');
INSERT INTO discipline_history VALUES('260', '55', '7', '1', '5', '2005-10-26', '2005-10-27', '2005-10-27', 'Warning', 'Talking during NHEACAP.', 'Amy Hannah', '9');
INSERT INTO discipline_history VALUES('262', '6', '7', '1', '1', '2005-10-22', '2005-10-27', '2005-10-27', 'Warning', 'Wiped paint on his face & chased another student.', 'Mary Capster', '9');
INSERT INTO discipline_history VALUES('264', '18', '7', '1', '14', '2005-10-26', '2005-10-27', '2005-10-27', 'Warning', 'Skipped Skills class.', 'Ann Ganhunner', '9');
INSERT INTO discipline_history VALUES('266', '19', '7', '1', '17', '2005-10-22', '2005-10-25', '2005-10-27', 'Suspended 5 days', 'Bullying & inappropriate physical behavior.', 'Mr. OConnor', '9');
INSERT INTO discipline_history VALUES('273', '38', '7', '1', '2', '2005-10-27', '2005-10-29', '2005-10-29', 'Warning', 'Behavior with a Sub.', 'Mrs. Dunbar', '9');
INSERT INTO discipline_history VALUES('274', '44', '7', '1', '2', '2005-10-27', '2005-10-29', '2005-10-29', 'Warning', 'With a Sub.', 'Mrs. Dunbar', '9');
INSERT INTO discipline_history VALUES('275', '41', '7', '1', '10', '2005-10-28', '2005-10-29', '2005-10-29', 'Warning', '', 'Mr. OConnor', '9');
INSERT INTO discipline_history VALUES('276', '6', '7', '1', '10', '2005-10-28', '2005-10-29', '2005-10-29', 'Warning', '', 'Mr. OConnor', '9');
INSERT INTO discipline_history VALUES('280', '83', '7', '1', '22', '2005-10-29', '2005-11-01', '2005-11-01', 'Warning', 'And Team 8. 3 Team warnings.', 'Mary Capster', '9');
INSERT INTO discipline_history VALUES('289', '83', '7', '1', '14', '2005-10-29', '2005-11-01', '2005-11-01', 'Suspended 1 day', 'Cut class.', 'Mr. OConnor', '9');
INSERT INTO discipline_history VALUES('295', '37', '7', '1', '1', '2005-10-18', '2005-10-18', '2005-10-19', 'Suspended 1 day', '', 'Mr. OConnor', '9');
INSERT INTO discipline_history VALUES('297', '6', '7', '1', '8', '2005-10-22', '2005-10-25', '2005-10-25', 'Suspended 3 days', 'Inappropriate physical behavior, kicked a student.', 'Mr. Shanpe', '9');
INSERT INTO discipline_history VALUES('300', '6', '7', '1', '15', '2005-11-01', '2005-11-01', '2005-11-01', 'Suspended 1 day', '', 'Mr. OConnor', '9');
INSERT INTO discipline_history VALUES('302', '35', '7', '1', '22', '2005-10-29', '2005-11-01', '2005-11-01', 'Warning', 'Misbehavior during lunch.', 'Mr. Shanpe', '9');
INSERT INTO discipline_history VALUES('303', '64', '7', '1', '5', '2005-11-01', '2005-11-02', '2005-11-02', 'Warning', 'Kept talking.', 'Ann Ganhunner', '9');
INSERT INTO discipline_history VALUES('311', '66', '7', '1', '5', '2005-11-02', '2005-11-02', '2005-11-02', 'Notice sent home', 'Refusing to sit when asked , ripped up detention.', 'Ruth Libertine', '9');
INSERT INTO discipline_history VALUES('320', '67', '7', '1', '8', '2005-11-03', '2005-11-04', '2005-11-04', 'Warning', 'And O\'Brien.', 'Miss Sullivan', '9');
INSERT INTO discipline_history VALUES('321', '64', '7', '1', '8', '2005-11-03', '2005-11-04', '2005-11-04', 'Warning', 'And o\'Brien.', 'Miss Sullivan', '9');
INSERT INTO discipline_history VALUES('323', '99', '7', '1', '22', '2005-11-02', '2005-11-03', '2005-11-03', 'Warning', 'Inappropriate comments to a student.', 'Mr. Shanpe', '9');
INSERT INTO discipline_history VALUES('324', '90', '7', '1', '4', '2005-11-01', '2005-11-03', '2005-11-03', 'Warning', '', 'Mary Capster', '9');
INSERT INTO discipline_history VALUES('327', '6', '7', '1', '14', '2005-11-04', '2005-11-10', '2005-11-10', 'Warning', 'Failure to report to the Planning Room.', 'Miss Sullivan', '9');
INSERT INTO discipline_history VALUES('333', '72', '7', '1', '6', '2005-11-04', '2005-11-08', '2005-11-08', 'Warning', 'Planner across the floor.', 'Tricia Valcich', '9');
INSERT INTO discipline_history VALUES('335', '64', '7', '1', '2', '2005-11-04', '2005-11-09', '2005-11-09', 'Warning', 'Disturbing class, poor attitude, lack of class materials, excessive talking.', 'Miss Sullivan', '9');
INSERT INTO discipline_history VALUES('336', '63', '7', '1', '2', '2005-11-05', '2005-11-09', '2005-11-09', 'Warning', 'Poor attitude.', 'Tricia Valcich', '9');
INSERT INTO discipline_history VALUES('339', '66', '7', '1', '23', '2005-11-01', '2005-11-02', '2005-11-16', 'Notice sent home', 'Set off stink bomb on the bus.', 'Mr. Shanpe', '9');
INSERT INTO discipline_history VALUES('343', '6', '7', '1', '22', '2005-11-08', '2005-11-09', '2005-11-09', 'Suspended 1 day', 'Forgery, unauthorized use of school form.', 'Mr. Shanpe', '9');
INSERT INTO discipline_history VALUES('349', '37', '7', '1', '14', '2005-11-08', '2005-11-08', '2005-11-08', 'Suspended 1 day', '', 'Mr. OConnor', '9');
INSERT INTO discipline_history VALUES('352', '92', '7', '1', '18', '2005-11-10', '2005-11-12', '2005-11-12', 'Suspended 1 day', '', 'Mr. Shanpe', '9');
INSERT INTO discipline_history VALUES('353', '77', '7', '1', '2', '2005-11-09', '2005-11-10', '2005-11-10', 'Warning', 'Failed to follow directions or make any effort to complete his project.', 'Carole LePlanque', '9');
INSERT INTO discipline_history VALUES('355', '80', '7', '1', '2', '2005-11-12', '2005-11-12', '2005-11-12', 'Warning', 'Talking back.', 'Joan Ettelson', '9');
INSERT INTO discipline_history VALUES('361', '89', '7', '1', '22', '2005-11-12', '2005-11-15', '2005-11-15', 'Warning', 'Shoving student in the hall.', 'Pat Hallinan', '9');
INSERT INTO discipline_history VALUES('362', '18', '7', '1', '22', '2005-11-12', '2005-11-15', '2005-11-15', 'Warning', 'Insubordination; failure to comply with a direct request.', 'Denise Morrill', '9');
INSERT INTO discipline_history VALUES('363', '9', '7', '1', '2', '2005-11-12', '2005-11-16', '2005-11-16', 'Warning', 'Insubordinate; poor attitude, disturbing class, failure to complete classwork.', 'Miss Sullivan', '9');
INSERT INTO discipline_history VALUES('369', '66', '7', '1', '1', '2005-11-15', '2005-11-16', '2005-11-16', 'Warning', 'Disturbing class, excessive talking.', 'Ann Ganhunner', '9');
INSERT INTO discipline_history VALUES('374', '66', '7', '1', '1', '2005-11-16', '2005-11-17', '2005-11-17', 'Warning', 'Kicked over chair, threw paper, opened door with excessive force. From Ms. Taylor.', '', '9');
INSERT INTO discipline_history VALUES('379', '72', '7', '1', '2', '2005-11-16', '2005-11-19', '2005-11-19', 'Warning', 'Inappropriate language, repeated refusal to follow Planning Room rules, Attempt to destroy school property ie break a chair.', 'Mr. OConnor', '9');
INSERT INTO discipline_history VALUES('381', '66', '7', '1', '15', '2005-11-17', '2005-11-19', '2005-11-22', 'Demerit', '', 'Mr. OConnor', '9');
INSERT INTO discipline_history VALUES('385', '41', '7', '1', '2', '2005-11-16', '2005-11-17', '2005-11-17', 'Warning', 'Repeatedly referring to someone as \"gay\".', 'Mary Capster', '9');
INSERT INTO discipline_history VALUES('394', '83', '7', '1', '22', '2005-11-19', '2005-11-22', '2005-11-22', 'Warning', 'Pushing, shoving, tripping a student.', 'Pat Hallinan', '9');
INSERT INTO discipline_history VALUES('399', '72', '7', '1', '2', '2005-11-19', '2005-11-23', '2005-11-23', 'Warning', 'Talking back.', 'Denise Morrill', '9');
INSERT INTO discipline_history VALUES('406', '66', '7', '1', '15', '2005-11-22', '2005-11-22', '2005-11-22', 'Suspended 1 day', 'And disrespectful language to a student.', 'Mr. Shanpe', '9');
INSERT INTO discipline_history VALUES('411', '80', '7', '1', '2', '2005-11-22', '2005-11-29', '2005-11-29', 'Warning', 'From Mrs. Gamache. Excessive talking, disturbing class, poor attitude.', '', '9');
INSERT INTO discipline_history VALUES('415', '80', '7', '1', '1', '2005-11-29', '2005-11-30', '2005-11-30', 'Warning', 'Disturbing class, excessive talking, poor attitude.', 'Tricia Valcich', '9');
INSERT INTO discipline_history VALUES('416', '80', '7', '1', '22', '2005-11-30', '2005-12-02', '2005-12-03', 'Demerit', 'Forging detention slips.', 'Mr. OConnor', '9');
INSERT INTO discipline_history VALUES('417', '85', '7', '1', '10', '2005-11-23', '2005-12-01', '2005-12-01', 'Warning', '', 'Mr. OConnor', '9');
INSERT INTO discipline_history VALUES('419', '54', '7', '1', '1', '2005-11-29', '2005-12-01', '2005-12-01', 'Warning', 'Sent out of 3 classes for disturbing classmates, poor attitude, disobedience/disrepect.', 'Cathy Nelson', '9');
INSERT INTO discipline_history VALUES('426', '41', '7', '1', '1', '2005-12-01', '2005-12-01', '2005-12-01', 'Warning', 'Excessive talking.', 'Mr. OConnor', '9');
INSERT INTO discipline_history VALUES('433', '66', '7', '1', '22', '2005-12-03', '2005-12-07', '2005-12-07', 'Warning', 'From Team 8. Received 3 warning slips.', '', '9');
INSERT INTO discipline_history VALUES('437', '18', '7', '1', '22', '2005-12-03', '2005-12-08', '2005-12-08', 'Warning', 'From Team 8. Received 3 warning slips.', '', '9');
INSERT INTO discipline_history VALUES('438', '83', '7', '1', '1', '2005-12-02', '2005-12-03', '2005-12-03', 'Warning', 'Disturbing class, throwing paper airplane.', 'Ann Ganhunner', '9');
INSERT INTO discipline_history VALUES('440', '54', '7', '1', '6', '2005-12-03', '2005-12-06', '2005-12-06', 'Warning', '', 'Cathy Nelson', '9');
INSERT INTO discipline_history VALUES('443', '66', '7', '1', '2', '2005-12-02', '2005-12-03', '2005-12-03', 'Warning', '', 'Ann Ganhunner', '9');
INSERT INTO discipline_history VALUES('446', '64', '7', '1', '22', '2005-12-03', '2005-12-06', '2005-12-06', 'Warning', 'Refusal to do work.', 'Denise Morrill', '9');
INSERT INTO discipline_history VALUES('455', '83', '7', '1', '14', '2005-12-03', '2005-12-07', '2005-12-07', 'Warning', 'Left class without permission.', 'Mr. Shanpe', '9');
INSERT INTO discipline_history VALUES('459', '72', '7', '1', '2', '2005-12-06', '2005-12-07', '2005-12-07', 'Warning', 'Threw away test; poor attitude.', 'Ettelson Enman', '9');
INSERT INTO discipline_history VALUES('464', '37', '7', '1', '14', '2005-12-06', '2005-12-09', '2005-12-09', 'Warning', '', 'Steve Rosberger', '9');
INSERT INTO discipline_history VALUES('467', '66', '7', '1', '22', '2005-12-06', '2005-12-10', '2005-12-10', 'Warning', 'Pushing student into lockers. From Ms. Taylor.', '', '9');
INSERT INTO discipline_history VALUES('476', '81', '7', '1', '10', '2005-12-09', '2005-12-13', '2005-12-13', 'Warning', '', 'Mr. OConnor', '9');
INSERT INTO discipline_history VALUES('478', '72', '7', '1', '1', '2005-12-10', '2005-12-13', '2005-12-13', 'Warning', 'Disturbing class by refusing to stop talking, talking back, and rude to classmates.', 'Denise Morrill', '9');
INSERT INTO discipline_history VALUES('483', '52', '7', '1', '2', '2005-12-10', '2005-12-13', '2005-12-13', 'Warning', '', 'Ruth Libertine', '9');
INSERT INTO discipline_history VALUES('486', '85', '7', '1', '10', '2005-12-13', '2005-12-14', '2005-12-14', 'Warning', '', 'Mr. OConnor', '9');
INSERT INTO discipline_history VALUES('490', '54', '7', '1', '1', '2005-12-07', '2005-12-08', '2005-12-08', 'Warning', 'Throwing eraser at a student.', 'Tricia Valcich', '9');
INSERT INTO discipline_history VALUES('492', '24', '7', '1', '22', '2005-12-08', '2005-12-08', '2005-12-08', 'Warning', 'Refusal to bring reading book to class & jacket issue.', 'Les Shepard', '9');
INSERT INTO discipline_history VALUES('493', '46', '7', '1', '22', '2005-12-07', '2005-12-08', '2005-12-08', 'Warning', 'Tripping student in hallway & knocking him down to the floor.', 'Pat Hallinan', '9');
INSERT INTO discipline_history VALUES('494', '83', '7', '1', '14', '2005-12-07', '2005-12-10', '2005-12-10', 'Warning', 'Late to class without a note.', 'Miss Sullivan', '9');
INSERT INTO discipline_history VALUES('499', '26', '7', '1', '22', '2005-12-07', '2005-12-10', '2005-12-10', 'Warning', 'Excessive talking.', 'Amy Hannah', '9');
INSERT INTO discipline_history VALUES('501', '83', '7', '1', '15', '2005-12-13', '2005-12-13', '2005-12-13', 'Suspended 1 day', '', 'Mr. OConnor', '9');
INSERT INTO discipline_history VALUES('502', '18', '7', '1', '8', '2005-12-13', '2005-12-13', '2005-12-13', 'Suspended 1 day', 'Inappropriate physical behavior.', 'Mr. OConnor', '9');
INSERT INTO discipline_history VALUES('510', '68', '7', '1', '2', '2005-12-14', '2005-12-15', '2005-12-15', 'Warning', 'From Ms. Boynton.', '', '9');
INSERT INTO discipline_history VALUES('511', '72', '7', '1', '15', '2005-12-13', '2005-12-15', '2005-12-16', 'Demerit', '', 'Mr. Shanpe', '9');
INSERT INTO discipline_history VALUES('516', '89', '7', '1', '22', '2005-12-14', '2005-12-14', '2005-12-14', 'Warning', 'Excessive talking.', 'Mary Capster', '9');
INSERT INTO discipline_history VALUES('520', '64', '7', '1', '22', '2005-12-06', '2005-12-08', '2005-12-08', 'Warning', 'Failure to complete classroom policy.', 'Carole LePlanque', '9');
INSERT INTO discipline_history VALUES('525', '7', '7', '1', '22', '2005-12-02', '2005-12-06', '2005-12-06', 'Warning', 'Failure to complete policy.', 'Carole LePlanque', '9');
INSERT INTO discipline_history VALUES('527', '19', '7', '1', '22', '2005-12-13', '2005-12-14', '2005-12-14', 'Warning', 'Refusal to do as teacher requested.', 'Ann Ganhunner', '9');
INSERT INTO discipline_history VALUES('528', '89', '7', '1', '22', '2005-12-14', '2005-12-14', '2005-12-14', 'Warning', 'Collection of three warning slips. From Team 8.', '', '9');
INSERT INTO discipline_history VALUES('529', '41', '7', '1', '22', '2005-12-10', '2005-12-14', '2005-12-14', 'Warning', 'Walking on chairs.', 'Miss Sullivan', '9');
INSERT INTO discipline_history VALUES('532', '67', '7', '1', '1', '2005-12-13', '2005-12-14', '2005-12-14', 'Warning', '', 'Miss Sullivan', '9');
INSERT INTO discipline_history VALUES('533', '41', '7', '1', '22', '2005-12-14', '2005-12-15', '2005-12-15', 'Warning', 'From Team 8. Collection of 3 warning slips.', '', '9');
INSERT INTO discipline_history VALUES('535', '6', '7', '1', '1', '2005-12-13', '2005-12-14', '2005-12-14', 'Warning', 'No teacher signed detention.', '', '9');
INSERT INTO discipline_history VALUES('536', '90', '7', '1', '2', '2005-12-13', '2005-12-14', '2005-12-14', 'Warning', 'Excessive talking.', 'Mary Capster', '9');
INSERT INTO discipline_history VALUES('545', '99', '7', '1', '15', '2005-12-15', '2005-12-16', '2005-12-17', 'Demerit', '', 'Mr. Shanpe', '9');
INSERT INTO discipline_history VALUES('546', '99', '7', '1', '22', '2005-12-15', '2005-12-15', '2005-12-15', 'Warning', 'From Team 8. Collection of 3 warning slips.', '', '9');
INSERT INTO discipline_history VALUES('547', '99', '7', '1', '2', '2005-12-15', '2005-12-17', '2005-12-17', 'Warning', '', 'Mr. Shanpe', '9');
INSERT INTO discipline_history VALUES('548', '99', '7', '1', '2', '2005-12-16', '2005-12-17', '2005-12-17', 'Warning', 'Inappropriate talking back to teacher.', 'Donna Butcher', '9');
INSERT INTO discipline_history VALUES('555', '6', '7', '1', '22', '2005-12-15', '2005-12-15', '2005-12-15', 'Warning', 'From Team 8. 3 Team warnings.', '', '9');
INSERT INTO discipline_history VALUES('556', '6', '7', '1', '2', '2005-12-17', '2005-12-20', '2005-12-20', 'Warning', 'To a teacher.', 'Miss Sullivan', '9');
INSERT INTO discipline_history VALUES('557', '66', '7', '1', '2', '2005-12-17', '2005-12-20', '2005-12-20', 'Warning', '', 'Ruth Libertine', '9');
INSERT INTO discipline_history VALUES('560', '46', '7', '1', '2', '2005-12-17', '2005-12-21', '2005-12-21', 'Warning', 'To a student.', 'Mr. Shanpe', '9');
INSERT INTO discipline_history VALUES('562', '26', '7', '1', '2', '2005-12-20', '2005-12-21', '2005-12-21', 'Warning', 'Excessive talking.', 'Mike Wolker', '9');
INSERT INTO discipline_history VALUES('567', '41', '7', '1', '10', '2005-12-20', '2005-12-21', '2005-12-21', 'Warning', '', 'Mr. Shanpe', '9');
INSERT INTO discipline_history VALUES('568', '64', '7', '1', '10', '2005-12-20', '2005-12-21', '2005-12-21', 'Warning', '', 'Mr. Shanpe', '9');
INSERT INTO discipline_history VALUES('573', '85', '7', '1', '10', '2005-12-21', '2005-12-22', '2005-12-22', 'Warning', '', 'Mr. Shanpe', '9');
INSERT INTO discipline_history VALUES('574', '52', '7', '1', '5', '2005-12-21', '2005-12-22', '2005-12-22', 'Warning', '', 'Donna Butcher', '9');
INSERT INTO discipline_history VALUES('575', '66', '7', '1', '22', '2005-12-21', '2005-12-22', '2005-12-22', 'Warning', 'Inappropriate language.', 'Miss Sullivan', '9');
INSERT INTO discipline_history VALUES('577', '41', '7', '1', '14', '2005-12-21', '2005-12-22', '2005-12-22', 'Warning', '', 'Miss Sullivan', '9');
INSERT INTO discipline_history VALUES('581', '72', '7', '1', '1', '2005-12-21', '2005-12-23', '2005-12-23', 'Warning', 'Disturbing class by excessive talking, ripping poster paper, littering; not completing class work & poor attitude.', 'Tricia Valcich', '9');
INSERT INTO discipline_history VALUES('586', '99', '7', '1', '22', '2005-12-23', '2006-01-04', '2006-01-04', 'Warning', 'Pushed student into lockers.', 'Mr. Shanpe', '9');
INSERT INTO discipline_history VALUES('589', '54', '7', '1', '22', '2006-01-03', '2006-01-05', '2006-01-05', 'Warning', 'Throwing snowballs.', 'Steve Rosberger', '9');
INSERT INTO discipline_history VALUES('595', '37', '7', '1', '21', '2005-12-15', '2005-12-16', '2005-12-16', 'Suspended 1 day', '', 'Mr. Shanpe', '9');
INSERT INTO discipline_history VALUES('596', '46', '7', '1', '22', '2005-12-15', '2005-12-16', '2005-12-16', 'Suspended 1 day', 'Inappropriate behavior, sprayed a student with a noxious liquid.', 'Mr. Shanpe', '9');
INSERT INTO discipline_history VALUES('598', '6', '7', '1', '15', '2005-12-15', '2005-12-15', '2005-12-15', 'Suspended 1 day', '', 'Mr. Shanpe', '9');
INSERT INTO discipline_history VALUES('600', '38', '7', '1', '13', '2005-12-16', '2005-12-16', '2005-12-16', 'Suspended 1 day', 'Truant on 15th.', 'Mr. Shanpe', '9');
INSERT INTO discipline_history VALUES('601', '90', '7', '1', '22', '2005-12-16', '2005-12-17', '2005-12-20', 'Suspended 2 days', 'Inappropriate physical behavior.', 'Mr. Shanpe', '9');
INSERT INTO discipline_history VALUES('605', '6', '7', '1', '15', '2005-12-17', '2005-12-20', '2005-12-20', 'Suspended 1 day', 'Skipped on 16th.', 'Mr. Shanpe', '9');
INSERT INTO discipline_history VALUES('607', '47', '7', '1', '22', '2005-12-20', '2005-12-21', '2005-12-21', 'Suspended 1 day', 'Pushed a student\'s hand.', 'Mr. Shanpe', '9');
INSERT INTO discipline_history VALUES('611', '18', '7', '1', '22', '2005-12-21', '2005-12-23', '2005-12-23', 'Suspended 1 day', 'Inappropriate physical behavior in hallway.', 'Mr. Shanpe', '9');
INSERT INTO discipline_history VALUES('613', '82', '7', '1', '23', '2005-12-22', '2005-12-23', '2005-12-23', 'Suspended 1 day', 'Pushed a student while on the bus.', 'Mr. Shanpe', '9');
INSERT INTO discipline_history VALUES('620', '66', '7', '1', '22', '2006-01-04', '2006-01-05', '2006-01-05', 'Suspended 1 day', 'Insubordination to a teacher.', 'Mr. Shanpe', '9');
INSERT INTO discipline_history VALUES('623', '72', '7', '1', '22', '2006-01-04', '2006-01-05', '2006-01-05', 'Suspended 1 day', 'Insubordinate to teacher/destruction of home school communication form.', 'Mr. Shanpe', '9');
INSERT INTO discipline_history VALUES('627', '41', '7', '1', '22', '2006-01-04', '2006-01-05', '2006-01-05', 'Warning', '3 team warnings from Team 8.', '', '9');
INSERT INTO discipline_history VALUES('633', '41', '7', '1', '1', '2006-01-05', '2006-01-07', '2006-01-07', 'Warning', 'From Mrs. Doyle; refusing to follow the rules of detention.', '', '9');
INSERT INTO discipline_history VALUES('639', '41', '7', '1', '10', '2006-01-07', '2006-01-10', '2006-01-10', 'Warning', '', 'Mr. Shanpe', '9');
INSERT INTO discipline_history VALUES('644', '64', '7', '1', '14', '2006-01-05', '2006-01-07', '2006-01-07', 'Warning', '', 'Tom Schwekheimmer', '9');
INSERT INTO discipline_history VALUES('649', '64', '7', '1', '1', '2006-01-07', '2006-01-10', '2006-01-10', 'Warning', 'Disturbing class, poor attitude, excessive talking.', 'Mary Capster', '9');
INSERT INTO discipline_history VALUES('650', '9', '7', '1', '22', '2006-01-05', '2006-01-07', '2006-01-07', 'Warning', 'Insubordination, refusal to sit in assigned seat.', 'Denise Morrill', '9');
INSERT INTO discipline_history VALUES('658', '9', '7', '1', '6', '2006-01-07', '2006-01-10', '2006-01-10', 'Warning', 'Threw pencil top hitting student in the face.', 'Ann Ganhunner', '9');
INSERT INTO discipline_history VALUES('662', '18', '7', '1', '2', '2006-01-10', '2006-01-11', '2006-01-11', 'Warning', 'Sub sent to the Planning Room.', '', '9');
INSERT INTO discipline_history VALUES('664', '44', '7', '1', '2', '2006-01-10', '2006-01-11', '2006-01-11', 'Warning', 'Sub sent to Planning Room.', '', '9');
INSERT INTO discipline_history VALUES('675', '64', '7', '1', '22', '2006-01-10', '2006-01-11', '2006-01-11', 'Warning', 'Sent to Planning Room by Sub.', '', '9');
INSERT INTO discipline_history VALUES('676', '64', '7', '1', '5', '2006-01-11', '2006-01-13', '2006-01-13', 'Warning', 'Refusing to change seat; sent to Planning Room.', 'Mike Wolker', '9');
INSERT INTO discipline_history VALUES('677', '54', '7', '1', '2', '2006-01-10', '2006-01-11', '2006-01-11', 'Suspended 1 day', 'Insubordination & inappropriate language.', 'Mr. Shanpe', '9');
INSERT INTO discipline_history VALUES('679', '66', '7', '1', '22', '2006-01-12', '2006-01-12', '2006-01-12', 'Suspended 1 day', 'Inappropriate physical behavior, insubordination to teacher.', 'Mr. Shanpe', '9');
INSERT INTO discipline_history VALUES('683', '37', '7', '1', '3', '2006-01-11', '2006-01-12', '2006-01-13', 'Suspended 3 days', 'Throwing objects, insubordination, property damage.', 'Mr. Shanpe', '9');
INSERT INTO discipline_history VALUES('692', '64', '7', '1', '6', '2006-01-12', '2006-01-18', '2006-01-18', 'Warning', 'Snowballs.', 'Mr. Shanpe', '9');
INSERT INTO discipline_history VALUES('696', '72', '7', '1', '2', '2006-01-13', '2006-01-14', '2006-01-14', 'Warning', '', 'Mr. Shanpe', '9');
INSERT INTO discipline_history VALUES('699', '41', '7', '1', '22', '2006-01-12', '2006-01-13', '2006-01-13', 'Warning', 'Inappropriate behavior in science lab.', 'Miss Sullivan', '9');
INSERT INTO discipline_history VALUES('702', '44', '7', '1', '17', '2006-01-12', '2006-01-14', '2006-01-14', 'Warning', '', 'Mike Wolker', '9');
INSERT INTO discipline_history VALUES('703', '72', '7', '1', '6', '2006-01-12', '2006-01-13', '2006-01-13', 'Suspended 1 day', 'In cafeteria & refused to clean up mess.', 'Mr. Shanpe', '9');
INSERT INTO discipline_history VALUES('710', '18', '7', '1', '22', '2006-01-14', '2006-01-18', '2006-01-18', 'Suspended 1 day', '3 warnings from Team 8.', 'Miss Sullivan', '9');
INSERT INTO discipline_history VALUES('714', '64', '7', '1', '5', '2006-01-13', '2006-01-19', '2006-01-19', 'Warning', 'Insubordination, refuse to move a balloon hat from his head.', 'Miss Sullivan', '9');
INSERT INTO discipline_history VALUES('715', '64', '7', '1', '14', '2006-01-12', '2006-01-13', '2006-01-13', 'Warning', '', 'Tom Schwekheimmer', '9');
INSERT INTO discipline_history VALUES('716', '99', '7', '1', '22', '2006-01-14', '2006-01-18', '2006-01-18', 'Warning', 'Name calling.', 'Ruth Libertine', '9');
INSERT INTO discipline_history VALUES('718', '41', '7', '1', '22', '2006-01-11', '2006-01-14', '2006-01-14', 'Warning', 'Unsafe hallway behavior.', 'Mary Capster', '9');
INSERT INTO discipline_history VALUES('721', '18', '7', '1', '1', '2006-01-14', '2006-01-19', '2006-01-19', 'Warning', 'From Mrs. Taylor.', '', '9');
INSERT INTO discipline_history VALUES('722', '89', '7', '1', '1', '2006-01-14', '2006-01-18', '2006-01-18', 'Warning', 'From Mrs. Taylor.', '', '9');
INSERT INTO discipline_history VALUES('730', '37', '7', '1', '22', '2006-01-18', '2006-01-19', '2006-01-19', 'Warning', 'Mischief.', 'Steve Rosberger', '9');
INSERT INTO discipline_history VALUES('734', '6', '7', '1', '22', '2006-01-19', '2006-01-19', '2006-01-19', 'Warning', '3 warnings from Team 8.', '', '9');
INSERT INTO discipline_history VALUES('735', '9', '7', '1', '22', '2006-01-19', '2006-01-19', '2006-01-19', 'Warning', '3 warnings from Team 8.', '', '9');
INSERT INTO discipline_history VALUES('743', '64', '7', '1', '5', '2006-01-18', '2006-01-20', '2006-01-20', 'Warning', '', 'Ann Ganhunner', '9');
INSERT INTO discipline_history VALUES('745', '99', '7', '1', '15', '2006-01-18', '2006-01-20', '2006-01-21', 'Demerit', '', 'Mr. Shanpe', '9');
INSERT INTO discipline_history VALUES('746', '54', '7', '1', '1', '2006-01-18', '2006-01-20', '2006-01-20', 'Warning', 'From Ms. Shoer.', '', '9');
INSERT INTO discipline_history VALUES('748', '47', '7', '1', '22', '2006-01-14', '2006-01-18', '2006-01-18', 'Suspended 1 day', 'Insubordination.', 'Mr. Shanpe', '9');
INSERT INTO discipline_history VALUES('750', '18', '7', '1', '22', '2006-01-14', '2006-01-18', '2006-01-18', 'Suspended 1 day', 'Inappropriate physical behavior; knocking books out of student\'s hand.', 'Mr. Shanpe', '9');
INSERT INTO discipline_history VALUES('759', '41', '7', '1', '22', '2006-01-19', '2006-01-21', '2006-01-21', 'Warning', 'Holding bathroom door to prevent student from exiting.', 'Ann Ganhunner', '9');
INSERT INTO discipline_history VALUES('761', '99', '7', '1', '22', '2006-01-20', '2006-01-21', '2006-01-21', 'Warning', 'Name calling, \"gay\".', 'Ruth Libertine', '9');
INSERT INTO discipline_history VALUES('764', '47', '7', '1', '3', '2006-01-19', '2006-01-20', '2006-01-21', 'Notice sent home', 'Profanity directed at staff.', 'Mr. Shanpe', '9');
INSERT INTO discipline_history VALUES('769', '99', '7', '1', '23', '2006-01-21', '2006-01-21', '2006-01-27', 'Notice sent home', '', 'Mr. Shanpe', '9');
INSERT INTO discipline_history VALUES('773', '54', '7', '1', '6', '2006-01-27', '2006-01-28', '2006-01-28', 'Suspended 3 days', 'Risk of injury to staff.', 'Mr. Shanpe', '9');
INSERT INTO discipline_history VALUES('774', '66', '7', '1', '7', '2006-01-27', '2006-01-28', '2006-02-03', 'Notice sent home', '', 'Mr. Shanpe', '9');
INSERT INTO discipline_history VALUES('782', '42', '7', '1', '7', '2006-01-31', '2006-02-01', '2006-02-07', 'Notice sent home', '', 'Mr. OConnor', '9');
INSERT INTO discipline_history VALUES('783', '72', '7', '1', '22', '2006-02-02', '2006-02-03', '2006-02-03', 'Suspended 1 day', 'Inappropriate actions;  multiple detentions.', 'Mr. OConnor', '9');
INSERT INTO discipline_history VALUES('795', '37', '7', '1', '22', '2006-02-04', '2006-02-04', '2006-02-04', 'Suspended 3 days', 'Spitting on entrance door window, throwing snowballs at entrance door window, insubordination to teacher, unsafe.', 'Mr. Shanpe', '9');
INSERT INTO discipline_history VALUES('796', '90', '7', '1', '22', '2006-02-04', '2006-02-07', '2006-02-07', 'Warning', 'Inappropriate physical behavior in hallway.', 'Mr. Shanpe', '9');
INSERT INTO discipline_history VALUES('797', '47', '7', '1', '22', '2006-02-07', '2006-02-07', '2006-02-07', 'Suspended 3 days', 'Insubordination.', 'Mr. OConnor', '9');
INSERT INTO discipline_history VALUES('798', '37', '7', '1', '22', '2006-02-04', '2006-02-04', '2006-02-04', 'Suspended 3 days', 'Inappropriate physical behavior.', 'Mr. Shanpe', '9');
INSERT INTO discipline_history VALUES('799', '18', '7', '1', '22', '2006-02-04', '2006-02-07', '2006-02-07', 'Suspended 1 day', 'Inappropriate physical behavior in hallway, pushing a student.', 'Mr. Shanpe', '9');
INSERT INTO discipline_history VALUES('802', '100', '7', '1', '2', '2006-01-31', '2006-02-01', '2006-02-01', 'Warning', 'From Mrs. Gamache. Disturbing class, poor attitude, excessive talking, several warnings.', '', '9');
INSERT INTO discipline_history VALUES('803', '100', '7', '1', '1', '2006-01-28', '2006-02-01', '2006-02-01', 'Warning', '', 'Tricia Valcich', '9');
INSERT INTO discipline_history VALUES('805', '85', '7', '1', '1', '2006-01-31', '2006-02-01', '2006-02-01', 'Warning', 'Excessive talking.', 'June Casey', '9');
INSERT INTO discipline_history VALUES('807', '72', '7', '1', '6', '2006-02-01', '2006-02-02', '2006-02-02', 'Warning', '', 'Tricia Valcich', '9');
INSERT INTO discipline_history VALUES('809', '100', '7', '1', '15', '2006-02-03', '2006-02-03', '2006-02-04', 'Demerit', '', 'Mr. Shanpe', '9');
INSERT INTO discipline_history VALUES('815', '72', '7', '1', '14', '2006-02-02', '2006-02-04', '2006-02-04', 'Warning', 'Went to Planning Room without permission.', 'Les Shepard', '9');
INSERT INTO discipline_history VALUES('821', '83', '7', '1', '1', '2006-01-31', '2006-02-04', '2006-02-04', 'Warning', '', 'Mary Capster', '9');
INSERT INTO discipline_history VALUES('822', '64', '7', '1', '2', '2006-02-02', '2006-02-04', '2006-02-04', 'Warning', '', 'Mary Capster', '9');
INSERT INTO discipline_history VALUES('827', '64', '7', '1', '2', '2006-02-04', '2006-02-07', '2006-02-07', 'Warning', 'Sent from Sub.', '', '9');
INSERT INTO discipline_history VALUES('828', '20', '7', '1', '22', '2006-02-08', '', '', '', '3 warnings from Team 8.', '', '9');
INSERT INTO discipline_history VALUES('829', '9', '7', '1', '2', '2006-02-04', '2006-02-08', '2006-02-08', 'Warning', 'Sent to Planning Room by a Sub.', '', '9');
INSERT INTO discipline_history VALUES('830', '44', '7', '1', '2', '2006-02-04', '2006-02-08', '2006-02-08', 'Warning', 'Sent to Planning Room by a Sub.', '', '9');
INSERT INTO discipline_history VALUES('834', '72', '7', '1', '3', '2006-02-10', '2006-02-10', '2006-02-11', 'Suspended 4 days', '', 'Mr. Shanpe', '9');
INSERT INTO discipline_history VALUES('839', '37', '7', '1', '3', '2006-02-09', '2006-02-09', '2006-02-11', 'Suspended 5 days', 'Profanity directed at staff; insubordination.', 'Mr. Shanpe', '9');
INSERT INTO discipline_history VALUES('848', '47', '7', '1', '2', '2006-02-07', '2006-02-08', '2006-02-08', 'Warning', '', 'Ettelson Enman', '9');
INSERT INTO discipline_history VALUES('853', '41', '7', '1', '1', '2006-02-02', '2006-02-02', '2006-02-02', 'Warning', '', 'Mr. OConnor', '9');
INSERT INTO discipline_history VALUES('855', '55', '7', '1', '22', '2006-02-03', '2006-02-04', '2006-02-04', 'Warning', 'Name calling.', 'Amy Hannah', '9');
INSERT INTO discipline_history VALUES('861', '63', '7', '1', '2', '2006-02-02', '2006-02-07', '2006-02-07', 'Warning', 'Disruptive, rude.', 'Tricia Valcich', '9');
INSERT INTO discipline_history VALUES('862', '64', '7', '1', '2', '2006-02-04', '2006-02-07', '2006-02-07', 'Warning', 'And gum chewing.', 'Miss Sullivan', '9');
INSERT INTO discipline_history VALUES('864', '89', '7', '1', '1', '2006-02-04', '2006-02-07', '2006-02-07', 'Warning', 'Disturbing class, excessive talking, poor attitude, failure to start work.', 'Ann Ganhunner', '9');
INSERT INTO discipline_history VALUES('865', '83', '7', '1', '22', '2006-02-04', '2006-02-07', '2006-02-07', 'Warning', '3 warnings from Team 8.', 'Ann Ganhunner', '9');
INSERT INTO discipline_history VALUES('866', '90', '7', '1', '22', '2006-02-04', '2006-02-07', '2006-02-07', 'Warning', '3 warnings from Team 8.', 'Mr. OConnor', '9');
INSERT INTO discipline_history VALUES('874', '7', '7', '1', '8', '2006-02-07', '2006-02-09', '2006-02-09', 'Warning', 'Poking a student.', 'Mr. Shanpe', '9');
INSERT INTO discipline_history VALUES('875', '47', '7', '1', '2', '2006-02-08', '2006-02-09', '2006-02-09', 'Warning', 'Refusal to complete assigned work.', 'Les Shepard', '9');
INSERT INTO discipline_history VALUES('877', '37', '7', '1', '2', '2006-02-08', '2006-02-09', '2006-02-09', 'Warning', 'From Ms. Shoer.', '', '9');
INSERT INTO discipline_history VALUES('878', '6', '7', '1', '2', '2006-02-04', '2006-02-09', '2006-02-09', 'Warning', 'To a Substitute.', '', '9');
INSERT INTO discipline_history VALUES('882', '41', '7', '1', '14', '2006-02-09', '2006-02-10', '2006-02-10', 'Warning', 'Left class without permission.', 'Denise Morrill', '9');
INSERT INTO discipline_history VALUES('884', '83', '7', '1', '15', '2006-02-10', '2006-02-10', '2006-02-10', 'Suspended 1 day', '', 'Mr. OConnor', '9');
INSERT INTO discipline_history VALUES('890', '64', '7', '1', '15', '2006-02-11', '2006-02-15', '2006-02-15', 'Suspended 1 day', '', 'Mr. Shanpe', '9');
INSERT INTO discipline_history VALUES('900', '47', '7', '1', '15', '2006-02-15', '2006-02-15', '2006-02-15', 'Suspended 1 day', '', 'Mr. Shanpe', '9');
INSERT INTO discipline_history VALUES('901', '3', '7', '1', '22', '2007-09-05', '1970-01-01', '1970-01-01', 'Nix ', 'Notes', 'Ich ', '1');CREATE TABLE `entry_actions` (  `entry_actions_id` int(11) NOT NULL auto_increment,  `student_id` int(11) NOT NULL default '0',  `school_id` int(11) NOT NULL default '0',  `school_year_id` int(11) NOT NULL default '0',  `action_code` varchar(20) default NULL,  `action_date` date default NULL,  `action_notes` blob,  PRIMARY KEY  (`entry_actions_id`)) ENGINE=MyISAM DEFAULT CHARSET=latin1;CREATE TABLE `ethnicity` (  `ethnicity_id` int(10) unsigned NOT NULL auto_increment,  `ethnicity_desc` varchar(30) NOT NULL default '',  PRIMARY KEY  (`ethnicity_id`)) ENGINE=MyISAM AUTO_INCREMENT=8 DEFAULT CHARSET=latin1;
INSERT INTO ethnicity VALUES('1', 'Pacific Islander');
INSERT INTO ethnicity VALUES('2', 'Alaskan');
INSERT INTO ethnicity VALUES('3', 'African American');
INSERT INTO ethnicity VALUES('4', 'Asian');
INSERT INTO ethnicity VALUES('5', 'Caucasian');
INSERT INTO ethnicity VALUES('7', 'Native American');CREATE TABLE `exams` (  `exams_id` int(11) unsigned NOT NULL auto_increment,  `exams_year` int(11) NOT NULL default '0',  `exams_schoolid` int(11) NOT NULL default '0',  `exams_roomid` int(11) NOT NULL default '0',  `exams_date` date default NULL,  `exams_subjectid` int(11) default NULL,  `exams_typeid` varchar(20) default NULL,  `exams_teacherid` int(11) NOT NULL default '0',  PRIMARY KEY  (`exams_id`)) ENGINE=MyISAM DEFAULT CHARSET=latin1;CREATE TABLE `exams_types` (  `exams_types_id` int(11) unsigned NOT NULL auto_increment,  `exams_types_desc` varchar(50) default NULL,  PRIMARY KEY  (`exams_types_id`)) ENGINE=MyISAM AUTO_INCREMENT=4 DEFAULT CHARSET=latin1;
INSERT INTO exams_types VALUES('1', 'Exam');
INSERT INTO exams_types VALUES('2', 'Test');
INSERT INTO exams_types VALUES('3', 'Qualification Test');CREATE TABLE `forum_posts` (  `id` int(10) unsigned NOT NULL auto_increment,  `member` varchar(20) default NULL,  `headline` varchar(40) default NULL,  `body` text,  `date_posted` datetime default NULL,  `views` int(11) default NULL,  PRIMARY KEY  (`id`)) ENGINE=MyISAM AUTO_INCREMENT=6 DEFAULT CHARSET=latin1;
INSERT INTO forum_posts VALUES('1', 'Administrator', 'Forum test', 'This is a test for a forum thread', '2006-01-25 18:31:27', '11');
INSERT INTO forum_posts VALUES('2', 'Test T.', 'My new post', 'This is a new post by teacher', '2006-01-25 18:33:45', '');
INSERT INTO forum_posts VALUES('3', 'Di Prova C.', 'As Parent', 'Post as parent', '2006-01-26 12:24:36', '1');
INSERT INTO forum_posts VALUES('4', 'Irvin R.', 'What about Math', 'What about the math scores in this school?  they seem real low.  Does any other parent ever notice this?', '2006-01-26 16:25:52', '6');
INSERT INTO forum_posts VALUES('5', 'Smith R.', 'Railroads on PB', 'Absolutley excellent show on railroads tonight on PBS!', '2006-04-12 20:58:20', '');CREATE TABLE `forum_replies` (  `id` int(11) NOT NULL auto_increment,  `member` varchar(20) default NULL,  `headline` varchar(40) default NULL,  `body` text,  `date_posted` datetime default NULL,  PRIMARY KEY  (`id`)) ENGINE=MyISAM AUTO_INCREMENT=5 DEFAULT CHARSET=latin1;
INSERT INTO forum_replies VALUES('1', 'Test T.', 'Re:Forum test', 'This is my reply', '2006-01-25 18:33:15');
INSERT INTO forum_replies VALUES('2', '', 'Re:Forum test', 'I figured I would add one too!', '2006-04-12 20:46:25');
INSERT INTO forum_replies VALUES('3', '', 'Re:Forum test', 'I figured I would add one too!', '2006-04-12 20:57:14');
INSERT INTO forum_replies VALUES('4', 'Smith R.', 'Re:What about M', 'As a math teacher here, I can tell you that our math scores are quite adequate.  However, further parental involvement could only push the scores up more, so keep up the good work parents!', '2006-04-17 17:33:19');CREATE TABLE `generations` (  `generations_id` int(10) unsigned NOT NULL auto_increment,  `generations_desc` varchar(10) NOT NULL default '',  PRIMARY KEY  (`generations_id`)) ENGINE=MyISAM AUTO_INCREMENT=5 DEFAULT CHARSET=latin1;
INSERT INTO generations VALUES('1', '--');
INSERT INTO generations VALUES('2', 'Sr.');
INSERT INTO generations VALUES('3', 'Jr.');
INSERT INTO generations VALUES('4', 'III');CREATE TABLE `grade_history` (  `grade_history_id` int(10) unsigned NOT NULL auto_increment,  `grade_history_student` int(10) unsigned default NULL,  `grade_history_year` int(10) unsigned default NULL,  `grade_history_quarter` int(15) default NULL,  `grade_history_grade` varchar(5) default NULL,  `grade_history_effort` varchar(5) default NULL,  `grade_history_conduct` varchar(5) default NULL,  `grade_history_notes` tinytext,  `grade_history_school` int(10) unsigned default NULL,  `grade_history_user` int(10) unsigned default NULL,  `grade_history_comment1` int(10) unsigned default '1',  `grade_history_comment2` int(10) unsigned default '1',  `grade_history_comment3` int(10) unsigned default '1',  `grade_history_subject` int(20) default NULL,  PRIMARY KEY  (`grade_history_id`),  KEY `grade_history_student_ndx` (`grade_history_student`)) ENGINE=MyISAM AUTO_INCREMENT=53 DEFAULT CHARSET=latin1 COMMENT='In this table, grade_history_user is the Teacher name.';
INSERT INTO grade_history VALUES('1', '1', '1', '1', 'B+', 'C-', 'B', 'Could be doing better', '7', '1', '12', '15', '11', '4');
INSERT INTO grade_history VALUES('2', '1', '1', '1', 'B+', 'C-', 'B', 'Could be doing better', '7', '1', '12', '15', '11', '5');
INSERT INTO grade_history VALUES('3', '23', '1', '1', 'A', 'B', 'B', 'Yes siree', '7', '1', '12', '12', '12', '6');
INSERT INTO grade_history VALUES('4', '322', '1', '1', 'C-', 'C+', 'B', 'Alyssa could be trying a whole lot harder.', '7', '1', '16', '15', '13', '7');
INSERT INTO grade_history VALUES('5', '322', '1', '1', 'C-', 'C+', 'B', 'Alyssa could be trying a whole lot harder.', '7', '1', '16', '15', '13', '8');
INSERT INTO grade_history VALUES('6', '322', '1', '1', 'C-', 'C+', 'B', 'Alyssa could be trying a whole lot harder.', '7', '1', '16', '15', '13', '9');
INSERT INTO grade_history VALUES('7', '322', '1', '1', 'C-', 'C+', 'B', 'Alyssa could be trying a whole lot harder.', '7', '1', '16', '15', '13', '10');
INSERT INTO grade_history VALUES('8', '27', '1', '1', 'A', 'B', 'F', 'Go for it Ashley!  Great eye candy on those real tired days.', '7', '1', '12', '16', '1', '11');
INSERT INTO grade_history VALUES('9', '27', '1', '1', 'A', 'B', 'F', 'Go for it Ashley!  Great eye candy on those real tired days.', '7', '1', '12', '16', '1', '12');
INSERT INTO grade_history VALUES('10', '159', '1', '1', 'A-', 'B+', 'B+', 'Good person to know.', '7', '1', '12', '16', '15', '13');
INSERT INTO grade_history VALUES('11', '31', '1', '1', 'B-', 'B', 'B+', 'Ya ya get yer ya yas out', '7', '1', '14', '11', '13', '14');
INSERT INTO grade_history VALUES('12', '51', '1', '1', 'F', 'F', '', 'Has never appeared in my class.  Perhaps she is vacationing with Osama in the mountains of Pakistan.', '7', '1', '12', '16', '15', '1');
INSERT INTO grade_history VALUES('13', '1', '1', '1', '', '', '', '', '7', '1', '12', '12', '12', '2');
INSERT INTO grade_history VALUES('14', '169', '1', '1', 'A', '', '', '', '7', '1', '16', '15', '18', '3');
INSERT INTO grade_history VALUES('15', '23', '1', '1', 'B', '', 'C', '', '7', '1', '12', '14', '13', '4');
INSERT INTO grade_history VALUES('16', '14', '1', '1', 'A', '', 'C', '', '7', '1', '16', '14', '11', '5');
INSERT INTO grade_history VALUES('17', '31', '1', '1', 'B', 'B', 'B', '', '7', '1', '16', '18', '18', '11');
INSERT INTO grade_history VALUES('18', '224', '1', '1', 'B', 'B', 'B', '', '7', '1', '18', '11', '13', '12');
INSERT INTO grade_history VALUES('19', '322', '1', '1', 'C', 'F', 'F', '', '7', '1', '12', '14', '10', '13');
INSERT INTO grade_history VALUES('20', '279', '1', '4', 'A-', 'A', 'A-', 'Atik is a pleasure to teach. I strongly suggest enrolling him in challenging summer schools over the break.', '7', '9', '22', '25', '21', '14');
INSERT INTO grade_history VALUES('21', '279', '1', '4', 'A-', 'A', 'A-', 'I strongly suggest finding challenging courses for Atik over the summer break.  He is truly gifted.', '7', '9', '22', '25', '21', '1');
INSERT INTO grade_history VALUES('22', '2', '1', '1', 'A-', 'B+', 'C-', 'Keep going!', '7', '19', '22', '25', '13', '2');
INSERT INTO grade_history VALUES('23', '66', '1', '1', 'A-', 'B+', 'B+', 'Duston is a joy to teach!', '7', '32', '22', '20', '24', '3');
INSERT INTO grade_history VALUES('24', '10', '1', '1', 'F', 'F', 'F', 'Bad stuff.', '7', '16', '25', '20', '10', '4');
INSERT INTO grade_history VALUES('25', '66', '1', '1', 'A', 'A', 'A', 'Needs to work harder.', '7', '9', '22', '10', '1', '5');
INSERT INTO grade_history VALUES('26', '66', '1', '1', 'B', 'B+', 'C', 'Good worker.  Pays attention to detail.', '7', '19', '22', '22', '22', '6');
INSERT INTO grade_history VALUES('27', '21', '1', '1', 'A', 'B', 'A', '', '1', '12', '1', '3', '4', '2');
INSERT INTO grade_history VALUES('28', '21', '1', '2', 'B+', 'C-', 'C-', '', '1', '13', '1', '6', '17', '1');
INSERT INTO grade_history VALUES('29', '23', '1', '2', 'A', 'A-', 'B-', '', '1', '15', '1', '6', '4', '4');
INSERT INTO grade_history VALUES('30', '23', '1', '3', 'C+', 'C-', 'C-', '', '1', '18', '1', '4', '3', '10');
INSERT INTO grade_history VALUES('31', '23', '1', '4', 'A', 'A', 'A+', '', '1', '21', '1', '6', '5', '12');
INSERT INTO grade_history VALUES('32', '29', '1', '1', 'D', 'D-', 'D', '', '1', '31', '1', '4', '7', '11');
INSERT INTO grade_history VALUES('33', '19', '1', '1', 'A', 'B', 'C', '', '1', '21', '1', '2', '3', '3');
INSERT INTO grade_history VALUES('34', '81', '1', '1', 'A', 'B', 'B', '', '1', '31', '1', '6', '5', '15');
INSERT INTO grade_history VALUES('35', '100', '1', '2', 'A', 'B', 'B', '', '1', '48', '1', '2', '3', '11');
INSERT INTO grade_history VALUES('36', '100', '1', '3', 'B', 'B', 'B', '', '1', '44', '1', '6', '3', '10');
INSERT INTO grade_history VALUES('37', '100', '1', '4', 'A', 'A-', 'B+', '', '1', '44', '1', '3', '6', '12');
INSERT INTO grade_history VALUES('38', '101', '1', '1', 'C', 'C', 'C+', '', '1', '45', '1', '2', '3', '14');
INSERT INTO grade_history VALUES('39', '102', '1', '2', 'A', 'B', 'C', '', '1', '43', '1', '4', '3', '12');
INSERT INTO grade_history VALUES('40', '102', '1', '1', 'B+', 'B+', 'B-', '', '1', '22', '1', '5', '6', '3');
INSERT INTO grade_history VALUES('41', '99', '1', '1', 'B', 'A', 'C', '', '1', '12', '1', '2', '3', '15');
INSERT INTO grade_history VALUES('42', '98', '1', '1', 'A', 'B', 'C', '', '1', '43', '1', '2', '5', '16');
INSERT INTO grade_history VALUES('43', '92', '1', '1', 'A', 'B', 'C', '', '1', '11', '1', '2', '3', '16');
INSERT INTO grade_history VALUES('44', '90', '1', '2', 'A', 'B', 'B', '', '1', '22', '1', '2', '3', '14');
INSERT INTO grade_history VALUES('45', '88', '1', '1', 'A', 'A', 'A', '', '1', '11', '1', '6', '5', '16');
INSERT INTO grade_history VALUES('46', '88', '1', '2', 'A', 'A-', 'A-', '', '1', '45', '1', '1', '1', '14');
INSERT INTO grade_history VALUES('47', '33', '1', '2', 'A', 'B', 'C', '', '1', '40', '1', '1', '1', '14');
INSERT INTO grade_history VALUES('48', '33', '1', '1', 'B+', 'B+', 'B-', '', '1', '45', '1', '5', '4', '14');
INSERT INTO grade_history VALUES('49', '24', '1', '1', 'A-', 'F', 'F', '', '1', '12', '1', '2', '4', '14');
INSERT INTO grade_history VALUES('50', '25', '1', '1', 'A', 'A', 'A', '', '1', '1', '1', '2', '3', '1');
INSERT INTO grade_history VALUES('51', '1', '1', '1', 'A', 'B', 'C', '', '1', '1', '1', '2', '3', '1');
INSERT INTO grade_history VALUES('52', '2', '1', '1', 'B', 'B-', 'C+', '', '1', '3', '1', '3', '5', '3');CREATE TABLE `grade_names` (  `grade_names_id` int(10) unsigned NOT NULL auto_increment,  `grade_names_desc` varchar(80) default NULL,  PRIMARY KEY  (`grade_names_id`)) ENGINE=MyISAM AUTO_INCREMENT=27 DEFAULT CHARSET=latin1;
INSERT INTO grade_names VALUES('10', 'Test scores are low due to lack of preparation.');
INSERT INTO grade_names VALUES('11', 'Student Does not turn in most homework');
INSERT INTO grade_names VALUES('12', 'A pleasure to teach');
INSERT INTO grade_names VALUES('13', 'Student does excellent work when motivated');
INSERT INTO grade_names VALUES('14', 'Rude to Other Students');
INSERT INTO grade_names VALUES('15', 'Often rude to teacher');
INSERT INTO grade_names VALUES('16', 'Displays no effort at all in the subject matter');
INSERT INTO grade_names VALUES('18', 'Just a test comment');
INSERT INTO grade_names VALUES('19', 'Student needs extra help with homework.');
INSERT INTO grade_names VALUES('20', 'Excellent work all around.');
INSERT INTO grade_names VALUES('21', 'Often assists other struggling students.');
INSERT INTO grade_names VALUES('22', 'A joy to have in the classroom.');
INSERT INTO grade_names VALUES('23', 'This student should seek out more challenging work.');
INSERT INTO grade_names VALUES('24', 'Always the first one done.');
INSERT INTO grade_names VALUES('25', 'Always does quality work.');
INSERT INTO grade_names VALUES('26', 'A truly excellent student.');CREATE TABLE `grade_subjects` (  `grade_subject_id` int(11) NOT NULL auto_increment,  `grade_subject_desc` varchar(50) NOT NULL default '',  PRIMARY KEY  (`grade_subject_id`)) ENGINE=MyISAM AUTO_INCREMENT=17 DEFAULT CHARSET=latin1 COMMENT='storing subject names';
INSERT INTO grade_subjects VALUES('1', 'Math');
INSERT INTO grade_subjects VALUES('2', 'Social Studies');
INSERT INTO grade_subjects VALUES('3', 'Language Arts');
INSERT INTO grade_subjects VALUES('4', 'Computer Studies');
INSERT INTO grade_subjects VALUES('5', 'Reading');
INSERT INTO grade_subjects VALUES('6', 'Chemistry');
INSERT INTO grade_subjects VALUES('7', 'Physics');
INSERT INTO grade_subjects VALUES('8', 'Remedial Math');
INSERT INTO grade_subjects VALUES('9', 'Physical Education');
INSERT INTO grade_subjects VALUES('10', 'Home Economics');
INSERT INTO grade_subjects VALUES('11', 'Woodshop');
INSERT INTO grade_subjects VALUES('12', 'Music');
INSERT INTO grade_subjects VALUES('13', 'General Science');
INSERT INTO grade_subjects VALUES('14', 'General Business');
INSERT INTO grade_subjects VALUES('15', 'Algebra');
INSERT INTO grade_subjects VALUES('16', 'Algebra II');CREATE TABLE `grade_terms` (  `grade_terms_id` int(11) NOT NULL auto_increment,  `grade_terms_desc` varchar(50) NOT NULL default '',  PRIMARY KEY  (`grade_terms_id`)) ENGINE=MyISAM AUTO_INCREMENT=5 DEFAULT CHARSET=latin1;
INSERT INTO grade_terms VALUES('1', 'Fall 2004');
INSERT INTO grade_terms VALUES('2', 'Winter 2004');
INSERT INTO grade_terms VALUES('3', 'Spring 2004');
INSERT INTO grade_terms VALUES('4', 'Summer 2004');CREATE TABLE `grades` (  `grades_id` int(10) unsigned NOT NULL auto_increment,  `grades_desc` varchar(20) NOT NULL default '',  PRIMARY KEY  (`grades_id`)) ENGINE=MyISAM AUTO_INCREMENT=11 DEFAULT CHARSET=latin1;
INSERT INTO grades VALUES('8', 'Grade 8');
INSERT INTO grades VALUES('2', 'Grade 2');
INSERT INTO grades VALUES('3', 'Grade 3');
INSERT INTO grades VALUES('4', 'Grade 4');
INSERT INTO grades VALUES('5', 'Grade 5');
INSERT INTO grades VALUES('6', 'Grade 6');
INSERT INTO grades VALUES('7', 'Grade 7');
INSERT INTO grades VALUES('1', 'Grade 1');
INSERT INTO grades VALUES('9', 'Grade 9');
INSERT INTO grades VALUES('10', 'Grade 10');CREATE TABLE `health_allergy` (  `health_allergy_id` int(10) unsigned NOT NULL auto_increment,  `health_allergy_desc` varchar(60) default NULL,  PRIMARY KEY  (`health_allergy_id`)) ENGINE=MyISAM AUTO_INCREMENT=5 DEFAULT CHARSET=latin1;
INSERT INTO health_allergy VALUES('1', 'Peanuts ');
INSERT INTO health_allergy VALUES('2', 'Mold ');
INSERT INTO health_allergy VALUES('3', 'Polyester Carpeting ');
INSERT INTO health_allergy VALUES('4', 'Aspirin ');CREATE TABLE `health_allergy_history` (  `health_allergy_history_id` int(10) unsigned NOT NULL auto_increment,  `health_allergy_history_student` int(11) unsigned default '0',  `health_allergy_history_year` int(10) unsigned default '0',  `health_allergy_history_school` int(11) unsigned default '0',  `health_allergy_history_code` int(11) unsigned default '0',  `health_allergy_history_date` date default '0000-00-00',  `health_allergy_history_notes` tinytext,  `health_allergy_history_user` int(11) unsigned NOT NULL default '0',  `health_allergy_history_reason` varchar(80) default NULL,  PRIMARY KEY  (`health_allergy_history_id`)) ENGINE=MyISAM DEFAULT CHARSET=latin1;CREATE TABLE `health_codes` (  `health_codes_id` int(10) unsigned NOT NULL auto_increment,  `health_codes_desc` varchar(60) default NULL,  PRIMARY KEY  (`health_codes_id`)) ENGINE=MyISAM AUTO_INCREMENT=19 DEFAULT CHARSET=latin1;
INSERT INTO health_codes VALUES('1', 'Headache');
INSERT INTO health_codes VALUES('2', 'Stomach Ache ');
INSERT INTO health_codes VALUES('3', 'Hungry');
INSERT INTO health_codes VALUES('17', 'Twisted Ankle');
INSERT INTO health_codes VALUES('5', 'Hit head');
INSERT INTO health_codes VALUES('6', 'Nosebleed');
INSERT INTO health_codes VALUES('7', 'Difficulty breathing');
INSERT INTO health_codes VALUES('8', 'Take Prescription Drugs');
INSERT INTO health_codes VALUES('9', 'Menstural Issues');
INSERT INTO health_codes VALUES('18', 'Black Eye');
INSERT INTO health_codes VALUES('11', 'Ear Ache');
INSERT INTO health_codes VALUES('12', 'Sore Throat ');
INSERT INTO health_codes VALUES('13', 'Loose/Lost Tooth');
INSERT INTO health_codes VALUES('14', 'Nauseous');
INSERT INTO health_codes VALUES('15', 'Needed a Break from the world');
INSERT INTO health_codes VALUES('16', 'Ask Health Question');CREATE TABLE `health_history` (  `health_history_id` int(10) unsigned NOT NULL auto_increment,  `health_history_student` int(10) unsigned default NULL,  `health_history_school` int(10) unsigned default NULL,  `health_history_year` int(10) unsigned default NULL,  `health_history_code` int(10) unsigned default NULL,  `health_history_date` date default NULL,  `health_history_action` varchar(50) default NULL,  `health_history_notes` tinytext,  `health_history_sentby` varchar(40) default NULL,  `health_history_user` varchar(30) NOT NULL default '',  PRIMARY KEY  (`health_history_id`),  KEY `discipline_history_student_ndx` (`health_history_student`)) ENGINE=MyISAM AUTO_INCREMENT=5 DEFAULT CHARSET=latin1;
INSERT INTO health_history VALUES('1', '66', '7', '1', '16', '2006-04-04', 'Answered Question', 'Had a personal question.', 'Mr. Freeze', '9');
INSERT INTO health_history VALUES('2', '66', '7', '1', '7', '2006-04-01', 'Stepped Outside', 'Once outside, he was fine.', 'Mr. Grup', '9');
INSERT INTO health_history VALUES('3', '66', '7', '1', '13', '2006-04-05', 'Put Tooth In A Towel', 'All set!', 'Mr. Grup', '31');
INSERT INTO health_history VALUES('4', '66', '7', '1', '1', '2006-04-06', 'Gave Him Aspirin', 'All set.  Feeling much better!', 'Mr. Freeze', '31');CREATE TABLE `health_immunz` (  `health_immunz_id` int(10) unsigned NOT NULL auto_increment,  `health_immunz_desc` varchar(60) default NULL,  PRIMARY KEY  (`health_immunz_id`)) ENGINE=MyISAM AUTO_INCREMENT=6 DEFAULT CHARSET=latin1;
INSERT INTO health_immunz VALUES('2', 'Rubella');
INSERT INTO health_immunz VALUES('3', 'Polio');
INSERT INTO health_immunz VALUES('4', 'Mumps');
INSERT INTO health_immunz VALUES('5', 'Chickenpox');CREATE TABLE `health_immunz_history` (  `health_immunz_history_id` int(10) unsigned NOT NULL auto_increment,  `health_immunz_history_student` int(11) unsigned default '0',  `health_immunz_history_year` int(10) unsigned default '0',  `health_immunz_history_school` int(11) unsigned default '0',  `health_immunz_history_code` int(11) unsigned default '0',  `health_immunz_history_date` date default '0000-00-00',  `health_immunz_history_notes` tinytext,  `health_immunz_history_user` int(11) unsigned NOT NULL default '0',  `health_immunz_history_reason` varchar(80) default NULL,  PRIMARY KEY  (`health_immunz_history_id`)) ENGINE=MyISAM DEFAULT CHARSET=latin1;CREATE TABLE `health_med_history` (  `health_med_history_id` int(10) unsigned NOT NULL auto_increment,  `health_med_history_student` int(11) unsigned default '0',  `health_med_history_year` int(10) unsigned default '0',  `health_med_history_school` int(11) unsigned default '0',  `health_med_history_code` int(11) unsigned default '0',  `health_med_history_date` date default '0000-00-00',  `health_med_history_notes` tinytext,  `health_med_history_user` int(11) unsigned NOT NULL default '0',  `health_med_history_reason` varchar(80) default NULL,  PRIMARY KEY  (`health_med_history_id`)) ENGINE=MyISAM AUTO_INCREMENT=10 DEFAULT CHARSET=latin1;
INSERT INTO health_med_history VALUES('1', '168', '1', '7', '1', '2006-04-06', 'doctor', '31', 'Doctor');
INSERT INTO health_med_history VALUES('2', '248', '1', '7', '3', '2006-04-14', 'doctor wants this', '31', 'Doctor');
INSERT INTO health_med_history VALUES('3', '248', '1', '7', '3', '2006-04-14', 'doctor wants this', '31', 'Doctor');
INSERT INTO health_med_history VALUES('4', '248', '1', '7', '3', '2006-04-14', 'doctor wants this', '31', 'Doctor');
INSERT INTO health_med_history VALUES('5', '248', '1', '7', '3', '2006-04-14', 'doctor wants this', '31', 'Doctor');
INSERT INTO health_med_history VALUES('6', '248', '1', '7', '1', '2006-04-05', 'no real reason', '31', 'See Me');
INSERT INTO health_med_history VALUES('7', '307', '1', '7', '1', '2005-09-08', 'Tyler should take 1 pill per day after lunch.', '31', 'Family Doctor');
INSERT INTO health_med_history VALUES('8', '307', '1', '7', '4', '2006-02-09', 'Tyler displayed shortness of breath and other classis asthmatic symptoms.  He now has an inhaler in the office for emergencies.', '31', 'Recent Physical');
INSERT INTO health_med_history VALUES('9', '66', '1', '7', '4', '2006-01-04', 'Per family doctor\'s orders, Duston needs the asthma inhaler.', '31', 'Mild Asthma');CREATE TABLE `health_medicine` (  `health_medicine_id` int(10) unsigned NOT NULL auto_increment,  `health_medicine_desc` varchar(60) default NULL,  PRIMARY KEY  (`health_medicine_id`)) ENGINE=MyISAM AUTO_INCREMENT=5 DEFAULT CHARSET=latin1;
INSERT INTO health_medicine VALUES('1', 'Ritalin');
INSERT INTO health_medicine VALUES('2', 'Tylenol');
INSERT INTO health_medicine VALUES('3', 'Ampicillin2');
INSERT INTO health_medicine VALUES('4', 'Asthma Inhaler');CREATE TABLE `health_visit_codes` (  `health_visit_id` int(10) unsigned NOT NULL auto_increment,  `health_visit_desc` varchar(60) default NULL,  PRIMARY KEY  (`health_visit_id`)) ENGINE=MyISAM DEFAULT CHARSET=latin1;CREATE TABLE `health_visit_history` (  `health_visit_history_id` int(10) unsigned NOT NULL auto_increment,  `health_visit_history_student` int(10) unsigned default NULL,  `health_visit_history_school` int(10) unsigned default NULL,  `health_visit_history_year` int(10) unsigned default NULL,  `health_visit_history_code` int(10) unsigned default NULL,  `health_visit_history_date` date default NULL,  `health_visit_history_action` varchar(50) default NULL,  `health_visit_history_notes` tinytext,  `health_visit_history_sentby` varchar(40) default NULL,  PRIMARY KEY  (`health_visit_history_id`),  KEY `discipline_history_student_ndx` (`health_visit_history_student`)) ENGINE=MyISAM DEFAULT CHARSET=latin1;CREATE TABLE `homework` (  `homework_id` int(11) NOT NULL auto_increment,  `teacher_id` int(11) default NULL,  `name` varchar(50) default NULL,  `subjectid` int(11) default NULL,  `roomid` int(11) default NULL,  `date_assigned` date NOT NULL default '0000-00-00',  `date_due` date NOT NULL default '0000-00-00',  `notes` blob,  PRIMARY KEY  (`homework_id`)) ENGINE=MyISAM AUTO_INCREMENT=8 DEFAULT CHARSET=latin1;
INSERT INTO homework VALUES('6', '4', 'Spongebob', '1', '4', '2005-04-13', '2005-05-26', 'Just do it.');
INSERT INTO homework VALUES('5', '4', 'Apeman in Spain', '1', '3', '2005-04-07', '2005-05-25', 'The apeman goes wild!');
INSERT INTO homework VALUES('7', '3', 'The Great Depression', '3', '4', '2005-11-08', '2006-11-15', 'You should be ready to discuss how the Great Depression affected the average person.  Read pages 106-155 in your text.');CREATE TABLE `homework_files` (  `homework_file_id` int(11) NOT NULL auto_increment,  `homework_id` int(11) default NULL,  `title` varchar(50) default NULL,  `location` varchar(100) default NULL,  PRIMARY KEY  (`homework_file_id`)) ENGINE=MyISAM AUTO_INCREMENT=4 DEFAULT CHARSET=latin1;
INSERT INTO homework_files VALUES('2', '6', 'Work paper', 'homework/rsmith/SMS.tar.gz');
INSERT INTO homework_files VALUES('3', '7', 'Overview', 'homework/teacher/log.txt');CREATE TABLE `infraction_codes` (  `infraction_codes_id` int(10) unsigned NOT NULL auto_increment,  `infraction_codes_desc` varchar(30) NOT NULL default '',  PRIMARY KEY  (`infraction_codes_id`)) ENGINE=MyISAM AUTO_INCREMENT=24 DEFAULT CHARSET=latin1;
INSERT INTO infraction_codes VALUES('1', 'Disruptive Behavior');
INSERT INTO infraction_codes VALUES('2', 'Disrespect');
INSERT INTO infraction_codes VALUES('11', 'Theft');
INSERT INTO infraction_codes VALUES('12', 'Substance Abuse');
INSERT INTO infraction_codes VALUES('13', 'Truancy');
INSERT INTO infraction_codes VALUES('14', 'Not Where Assigned ');
INSERT INTO infraction_codes VALUES('15', 'Skipping Detention');
INSERT INTO infraction_codes VALUES('16', 'Vandalism');
INSERT INTO infraction_codes VALUES('17', 'Threatening Behavior');
INSERT INTO infraction_codes VALUES('18', 'Harassment');
INSERT INTO infraction_codes VALUES('19', 'Explosive devices');
INSERT INTO infraction_codes VALUES('20', 'Flammable devices');
INSERT INTO infraction_codes VALUES('21', 'Unauthorized Leaving ');
INSERT INTO infraction_codes VALUES('22', 'Other');
INSERT INTO infraction_codes VALUES('23', 'Bus Issue ');
INSERT INTO infraction_codes VALUES('3', 'Obscene Language');
INSERT INTO infraction_codes VALUES('4', 'Obscene Gesture');
INSERT INTO infraction_codes VALUES('5', 'Not Following Direction ');
INSERT INTO infraction_codes VALUES('6', 'Throwing Objects ');
INSERT INTO infraction_codes VALUES('7', 'Fighting');
INSERT INTO infraction_codes VALUES('8', 'Roughhousing');
INSERT INTO infraction_codes VALUES('9', 'Cheating');
INSERT INTO infraction_codes VALUES('10', 'Late');CREATE TABLE `media_codes` (  `media_codes_id` smallint(6) NOT NULL auto_increment,  `media_codes_desc` varchar(50) NOT NULL,  `id1` varchar(30) NOT NULL,  `id2` varchar(30) NOT NULL,  PRIMARY KEY  (`media_codes_id`)) ENGINE=MyISAM AUTO_INCREMENT=4 DEFAULT CHARSET=latin1;
INSERT INTO media_codes VALUES('1', 'Peace And War ', 'Number 243', 'Cart 1');
INSERT INTO media_codes VALUES('2', 'Ernest Guyvin ', 'Bio11', 'Room 26');
INSERT INTO media_codes VALUES('3', 'Love Is A Thin Line ', 'Text 900-1 ', 'English 101 ');CREATE TABLE `media_history` (  `media_history_id` int(10) unsigned NOT NULL auto_increment,  `media_history_student` int(10) unsigned default NULL,  `media_history_school` int(10) unsigned default NULL,  `media_history_year` int(10) unsigned default NULL,  `media_history_code` int(10) unsigned default NULL,  `media_history_dateout` date default NULL,  `media_history_datedue` date default NULL,  `media_history_dateret` date default NULL,  `media_history_action` varchar(50) default NULL,  `media_history_notes` tinytext,  `media_history_reporter` varchar(40) default NULL,  `media_history_user` int(10) unsigned default NULL,  PRIMARY KEY  (`media_history_id`),  KEY `discipline_history_student_ndx` (`media_history_student`)) ENGINE=MyISAM AUTO_INCREMENT=907 DEFAULT CHARSET=latin1;
INSERT INTO media_history VALUES('901', '45', '7', '1', '2', '2007-09-01', '2007-09-10', '2007-09-11', '', '', '', '1');
INSERT INTO media_history VALUES('902', '45', '7', '1', '3', '2007-09-03', '2007-09-10', '2007-09-11', '', '', '', '1');
INSERT INTO media_history VALUES('905', '3', '7', '1', '1', '1970-01-01', '1970-01-01', '1970-01-01', '', '', '', '1');CREATE TABLE `parent_to_kids` (  `parent_id` int(11) NOT NULL auto_increment,  `student_id` int(11) NOT NULL default '0',  PRIMARY KEY  (`parent_id`)) ENGINE=MyISAM AUTO_INCREMENT=35 DEFAULT CHARSET=latin1;
INSERT INTO parent_to_kids VALUES('34', '34');
INSERT INTO parent_to_kids VALUES('3', '3');CREATE TABLE `relations_codes` (  `relation_codes_id` int(10) unsigned NOT NULL auto_increment,  `relation_codes_desc` varchar(30) default NULL,  `relation_codes_unique` smallint(5) unsigned default NULL,  PRIMARY KEY  (`relation_codes_id`)) ENGINE=MyISAM AUTO_INCREMENT=14 DEFAULT CHARSET=latin1;
INSERT INTO relations_codes VALUES('1', 'Father', '1');
INSERT INTO relations_codes VALUES('2', 'Mother', '1');
INSERT INTO relations_codes VALUES('3', 'Brother', '0');
INSERT INTO relations_codes VALUES('4', 'Sister', '0');
INSERT INTO relations_codes VALUES('5', 'Uncle', '0');
INSERT INTO relations_codes VALUES('6', 'Aunt', '0');
INSERT INTO relations_codes VALUES('7', 'Grandfather', '0');
INSERT INTO relations_codes VALUES('8', 'Grandmother', '0');
INSERT INTO relations_codes VALUES('9', 'Stepfather', '1');
INSERT INTO relations_codes VALUES('10', 'Stepmother', '1');
INSERT INTO relations_codes VALUES('12', 'Grandparents', '');
INSERT INTO relations_codes VALUES('13', 'Guardian', '');CREATE TABLE `school_names` (  `school_names_id` int(10) unsigned NOT NULL auto_increment,  `school_names_desc` varchar(35) default NULL,  PRIMARY KEY  (`school_names_id`)) ENGINE=MyISAM AUTO_INCREMENT=8 DEFAULT CHARSET=latin1;
INSERT INTO school_names VALUES('4', 'Prova Scuola');
INSERT INTO school_names VALUES('6', 'Halleyville Junior High ');
INSERT INTO school_names VALUES('7', 'Newtown Elementary ');CREATE TABLE `school_rooms` (  `school_rooms_id` int(10) unsigned NOT NULL auto_increment,  `school_rooms_desc` varchar(35) default NULL,  PRIMARY KEY  (`school_rooms_id`)) ENGINE=MyISAM AUTO_INCREMENT=5 DEFAULT CHARSET=latin1;
INSERT INTO school_rooms VALUES('1', '1a');
INSERT INTO school_rooms VALUES('2', '1b');
INSERT INTO school_rooms VALUES('3', '2a');
INSERT INTO school_rooms VALUES('4', '2b');CREATE TABLE `school_years` (  `school_years_id` int(10) unsigned NOT NULL auto_increment,  `school_years_desc` varchar(15) NOT NULL default '',  PRIMARY KEY  (`school_years_id`)) ENGINE=MyISAM AUTO_INCREMENT=10 DEFAULT CHARSET=latin1;
INSERT INTO school_years VALUES('1', '2005-2006');
INSERT INTO school_years VALUES('2', '2006-2007');
INSERT INTO school_years VALUES('3', '2007-2008');
INSERT INTO school_years VALUES('4', '2008-2009');
INSERT INTO school_years VALUES('5', '2009-2010');
INSERT INTO school_years VALUES('6', '2010-2011');
INSERT INTO school_years VALUES('7', '2011-2012');
INSERT INTO school_years VALUES('8', '2012-2013');
INSERT INTO school_years VALUES('9', '2013-2014');CREATE TABLE `speak` (  `speak_id` int(11) unsigned NOT NULL auto_increment,  `speak_teacherid` int(11) NOT NULL default '0',  `speak_day` int(11) NOT NULL default '0',  `speak_period` int(11) default '0',  PRIMARY KEY  (`speak_id`)) ENGINE=MyISAM DEFAULT CHARSET=latin1;CREATE TABLE `student_grade_year` (  `student_grade_year_id` int(10) unsigned NOT NULL auto_increment,  `student_grade_year_student` int(10) unsigned default NULL,  `student_grade_year_year` int(10) unsigned default NULL,  `student_grade_year_grade` int(10) unsigned default NULL,  PRIMARY KEY  (`student_grade_year_id`),  KEY `student_grade_year_ndx` (`student_grade_year_student`)) ENGINE=MyISAM AUTO_INCREMENT=360 DEFAULT CHARSET=latin1;
INSERT INTO student_grade_year VALUES('1', '1', '1', '7');
INSERT INTO student_grade_year VALUES('2', '2', '1', '6');
INSERT INTO student_grade_year VALUES('3', '3', '1', '1');
INSERT INTO student_grade_year VALUES('4', '4', '1', '7');
INSERT INTO student_grade_year VALUES('5', '5', '1', '7');
INSERT INTO student_grade_year VALUES('6', '6', '1', '8');
INSERT INTO student_grade_year VALUES('7', '7', '1', '6');
INSERT INTO student_grade_year VALUES('8', '8', '1', '7');
INSERT INTO student_grade_year VALUES('9', '9', '1', '8');
INSERT INTO student_grade_year VALUES('10', '10', '1', '7');
INSERT INTO student_grade_year VALUES('11', '11', '1', '8');
INSERT INTO student_grade_year VALUES('12', '12', '1', '8');
INSERT INTO student_grade_year VALUES('13', '13', '1', '7');
INSERT INTO student_grade_year VALUES('14', '14', '1', '7');
INSERT INTO student_grade_year VALUES('15', '15', '1', '7');
INSERT INTO student_grade_year VALUES('16', '16', '1', '6');
INSERT INTO student_grade_year VALUES('17', '17', '1', '7');
INSERT INTO student_grade_year VALUES('18', '18', '1', '8');
INSERT INTO student_grade_year VALUES('19', '19', '1', '8');
INSERT INTO student_grade_year VALUES('20', '20', '1', '8');
INSERT INTO student_grade_year VALUES('21', '21', '1', '6');
INSERT INTO student_grade_year VALUES('22', '22', '1', '6');
INSERT INTO student_grade_year VALUES('23', '23', '1', '7');
INSERT INTO student_grade_year VALUES('24', '24', '1', '7');
INSERT INTO student_grade_year VALUES('25', '25', '1', '6');
INSERT INTO student_grade_year VALUES('26', '26', '1', '6');
INSERT INTO student_grade_year VALUES('27', '27', '1', '7');
INSERT INTO student_grade_year VALUES('28', '28', '1', '7');
INSERT INTO student_grade_year VALUES('29', '29', '1', '6');
INSERT INTO student_grade_year VALUES('30', '30', '1', '8');
INSERT INTO student_grade_year VALUES('31', '31', '1', '7');
INSERT INTO student_grade_year VALUES('32', '32', '1', '8');
INSERT INTO student_grade_year VALUES('33', '33', '1', '8');
INSERT INTO student_grade_year VALUES('34', '34', '1', '7');
INSERT INTO student_grade_year VALUES('35', '35', '1', '6');
INSERT INTO student_grade_year VALUES('36', '36', '1', '7');
INSERT INTO student_grade_year VALUES('37', '37', '1', '8');
INSERT INTO student_grade_year VALUES('38', '38', '1', '8');
INSERT INTO student_grade_year VALUES('39', '39', '1', '7');
INSERT INTO student_grade_year VALUES('40', '40', '1', '6');
INSERT INTO student_grade_year VALUES('41', '41', '1', '8');
INSERT INTO student_grade_year VALUES('42', '42', '1', '7');
INSERT INTO student_grade_year VALUES('43', '43', '1', '6');
INSERT INTO student_grade_year VALUES('44', '44', '1', '8');
INSERT INTO student_grade_year VALUES('45', '45', '1', '6');
INSERT INTO student_grade_year VALUES('46', '46', '1', '7');
INSERT INTO student_grade_year VALUES('47', '47', '1', '7');
INSERT INTO student_grade_year VALUES('48', '48', '1', '7');
INSERT INTO student_grade_year VALUES('49', '49', '1', '7');
INSERT INTO student_grade_year VALUES('50', '50', '1', '6');
INSERT INTO student_grade_year VALUES('51', '51', '1', '7');
INSERT INTO student_grade_year VALUES('52', '52', '1', '8');
INSERT INTO student_grade_year VALUES('53', '53', '1', '8');
INSERT INTO student_grade_year VALUES('54', '54', '1', '7');
INSERT INTO student_grade_year VALUES('55', '55', '1', '6');
INSERT INTO student_grade_year VALUES('56', '56', '1', '8');
INSERT INTO student_grade_year VALUES('57', '57', '1', '7');
INSERT INTO student_grade_year VALUES('58', '58', '1', '6');
INSERT INTO student_grade_year VALUES('59', '59', '1', '7');
INSERT INTO student_grade_year VALUES('60', '60', '1', '8');
INSERT INTO student_grade_year VALUES('61', '61', '1', '7');
INSERT INTO student_grade_year VALUES('62', '62', '1', '6');
INSERT INTO student_grade_year VALUES('63', '63', '1', '7');
INSERT INTO student_grade_year VALUES('64', '64', '1', '8');
INSERT INTO student_grade_year VALUES('65', '65', '1', '6');
INSERT INTO student_grade_year VALUES('66', '66', '1', '1');
INSERT INTO student_grade_year VALUES('67', '67', '1', '8');
INSERT INTO student_grade_year VALUES('68', '68', '1', '7');
INSERT INTO student_grade_year VALUES('69', '69', '1', '8');
INSERT INTO student_grade_year VALUES('70', '70', '1', '6');
INSERT INTO student_grade_year VALUES('71', '71', '1', '7');
INSERT INTO student_grade_year VALUES('72', '72', '1', '7');
INSERT INTO student_grade_year VALUES('73', '73', '1', '6');
INSERT INTO student_grade_year VALUES('74', '74', '1', '8');
INSERT INTO student_grade_year VALUES('75', '75', '1', '7');
INSERT INTO student_grade_year VALUES('76', '76', '1', '8');
INSERT INTO student_grade_year VALUES('77', '77', '1', '8');
INSERT INTO student_grade_year VALUES('78', '78', '1', '7');
INSERT INTO student_grade_year VALUES('79', '79', '1', '7');
INSERT INTO student_grade_year VALUES('80', '80', '1', '7');
INSERT INTO student_grade_year VALUES('81', '81', '1', '6');
INSERT INTO student_grade_year VALUES('82', '82', '1', '6');
INSERT INTO student_grade_year VALUES('83', '83', '1', '8');
INSERT INTO student_grade_year VALUES('84', '84', '1', '7');
INSERT INTO student_grade_year VALUES('85', '85', '1', '8');
INSERT INTO student_grade_year VALUES('86', '86', '1', '6');
INSERT INTO student_grade_year VALUES('87', '87', '1', '7');
INSERT INTO student_grade_year VALUES('88', '88', '1', '7');
INSERT INTO student_grade_year VALUES('89', '89', '1', '8');
INSERT INTO student_grade_year VALUES('90', '90', '1', '8');
INSERT INTO student_grade_year VALUES('91', '91', '1', '6');
INSERT INTO student_grade_year VALUES('92', '92', '1', '8');
INSERT INTO student_grade_year VALUES('93', '93', '1', '7');
INSERT INTO student_grade_year VALUES('94', '94', '1', '6');
INSERT INTO student_grade_year VALUES('95', '95', '1', '6');
INSERT INTO student_grade_year VALUES('96', '96', '1', '7');
INSERT INTO student_grade_year VALUES('97', '97', '1', '6');
INSERT INTO student_grade_year VALUES('98', '98', '1', '7');
INSERT INTO student_grade_year VALUES('99', '99', '1', '8');
INSERT INTO student_grade_year VALUES('100', '100', '1', '7');
INSERT INTO student_grade_year VALUES('101', '101', '1', '8');
INSERT INTO student_grade_year VALUES('102', '102', '1', '8');
INSERT INTO student_grade_year VALUES('103', '103', '1', '8');
INSERT INTO student_grade_year VALUES('104', '104', '1', '8');
INSERT INTO student_grade_year VALUES('105', '105', '1', '7');
INSERT INTO student_grade_year VALUES('106', '106', '1', '8');
INSERT INTO student_grade_year VALUES('107', '107', '1', '7');
INSERT INTO student_grade_year VALUES('108', '108', '1', '6');
INSERT INTO student_grade_year VALUES('109', '109', '1', '8');
INSERT INTO student_grade_year VALUES('110', '110', '1', '8');
INSERT INTO student_grade_year VALUES('111', '111', '1', '8');
INSERT INTO student_grade_year VALUES('112', '112', '1', '7');
INSERT INTO student_grade_year VALUES('113', '113', '1', '6');
INSERT INTO student_grade_year VALUES('114', '114', '1', '7');
INSERT INTO student_grade_year VALUES('115', '115', '1', '8');
INSERT INTO student_grade_year VALUES('116', '116', '1', '7');
INSERT INTO student_grade_year VALUES('117', '117', '1', '8');
INSERT INTO student_grade_year VALUES('118', '118', '1', '6');
INSERT INTO student_grade_year VALUES('119', '119', '1', '6');
INSERT INTO student_grade_year VALUES('120', '120', '1', '8');
INSERT INTO student_grade_year VALUES('121', '121', '1', '7');
INSERT INTO student_grade_year VALUES('122', '122', '1', '8');
INSERT INTO student_grade_year VALUES('123', '123', '1', '8');
INSERT INTO student_grade_year VALUES('124', '124', '1', '7');
INSERT INTO student_grade_year VALUES('125', '125', '1', '7');
INSERT INTO student_grade_year VALUES('126', '126', '1', '6');
INSERT INTO student_grade_year VALUES('127', '127', '1', '7');
INSERT INTO student_grade_year VALUES('128', '128', '1', '6');
INSERT INTO student_grade_year VALUES('129', '129', '1', '7');
INSERT INTO student_grade_year VALUES('130', '130', '1', '6');
INSERT INTO student_grade_year VALUES('131', '131', '1', '8');
INSERT INTO student_grade_year VALUES('132', '132', '1', '7');
INSERT INTO student_grade_year VALUES('133', '133', '1', '6');
INSERT INTO student_grade_year VALUES('134', '134', '1', '7');
INSERT INTO student_grade_year VALUES('135', '135', '1', '8');
INSERT INTO student_grade_year VALUES('136', '136', '1', '8');
INSERT INTO student_grade_year VALUES('137', '137', '1', '7');
INSERT INTO student_grade_year VALUES('138', '138', '1', '6');
INSERT INTO student_grade_year VALUES('139', '139', '1', '7');
INSERT INTO student_grade_year VALUES('140', '140', '1', '7');
INSERT INTO student_grade_year VALUES('141', '141', '1', '5');
INSERT INTO student_grade_year VALUES('142', '142', '1', '7');
INSERT INTO student_grade_year VALUES('143', '143', '1', '8');
INSERT INTO student_grade_year VALUES('144', '144', '1', '8');
INSERT INTO student_grade_year VALUES('145', '145', '1', '7');
INSERT INTO student_grade_year VALUES('146', '146', '1', '7');
INSERT INTO student_grade_year VALUES('147', '147', '1', '7');
INSERT INTO student_grade_year VALUES('148', '148', '1', '6');
INSERT INTO student_grade_year VALUES('149', '149', '1', '7');
INSERT INTO student_grade_year VALUES('150', '150', '1', '8');
INSERT INTO student_grade_year VALUES('151', '151', '1', '6');
INSERT INTO student_grade_year VALUES('152', '152', '1', '6');
INSERT INTO student_grade_year VALUES('153', '153', '1', '6');
INSERT INTO student_grade_year VALUES('154', '154', '1', '8');
INSERT INTO student_grade_year VALUES('155', '155', '1', '8');
INSERT INTO student_grade_year VALUES('156', '156', '1', '6');
INSERT INTO student_grade_year VALUES('157', '157', '1', '7');
INSERT INTO student_grade_year VALUES('158', '158', '1', '8');
INSERT INTO student_grade_year VALUES('159', '159', '1', '7');
INSERT INTO student_grade_year VALUES('160', '160', '1', '6');
INSERT INTO student_grade_year VALUES('161', '161', '1', '8');
INSERT INTO student_grade_year VALUES('162', '162', '1', '8');
INSERT INTO student_grade_year VALUES('163', '163', '1', '7');
INSERT INTO student_grade_year VALUES('164', '164', '1', '8');
INSERT INTO student_grade_year VALUES('165', '165', '1', '7');
INSERT INTO student_grade_year VALUES('166', '166', '1', '6');
INSERT INTO student_grade_year VALUES('167', '167', '1', '8');
INSERT INTO student_grade_year VALUES('168', '168', '1', '6');
INSERT INTO student_grade_year VALUES('169', '169', '1', '7');
INSERT INTO student_grade_year VALUES('170', '170', '1', '8');
INSERT INTO student_grade_year VALUES('171', '171', '1', '8');
INSERT INTO student_grade_year VALUES('172', '172', '1', '7');
INSERT INTO student_grade_year VALUES('173', '173', '1', '6');
INSERT INTO student_grade_year VALUES('174', '174', '1', '8');
INSERT INTO student_grade_year VALUES('175', '175', '1', '6');
INSERT INTO student_grade_year VALUES('176', '176', '1', '6');
INSERT INTO student_grade_year VALUES('177', '177', '1', '6');
INSERT INTO student_grade_year VALUES('178', '178', '1', '8');
INSERT INTO student_grade_year VALUES('179', '179', '1', '8');
INSERT INTO student_grade_year VALUES('180', '180', '1', '8');
INSERT INTO student_grade_year VALUES('181', '181', '1', '7');
INSERT INTO student_grade_year VALUES('182', '182', '1', '7');
INSERT INTO student_grade_year VALUES('183', '183', '1', '7');
INSERT INTO student_grade_year VALUES('184', '184', '1', '6');
INSERT INTO student_grade_year VALUES('185', '185', '1', '7');
INSERT INTO student_grade_year VALUES('186', '186', '1', '6');
INSERT INTO student_grade_year VALUES('187', '187', '1', '6');
INSERT INTO student_grade_year VALUES('188', '188', '1', '7');
INSERT INTO student_grade_year VALUES('189', '189', '1', '8');
INSERT INTO student_grade_year VALUES('190', '190', '1', '6');
INSERT INTO student_grade_year VALUES('191', '191', '1', '6');
INSERT INTO student_grade_year VALUES('192', '192', '1', '6');
INSERT INTO student_grade_year VALUES('193', '193', '1', '6');
INSERT INTO student_grade_year VALUES('194', '194', '1', '6');
INSERT INTO student_grade_year VALUES('195', '195', '1', '8');
INSERT INTO student_grade_year VALUES('196', '196', '1', '6');
INSERT INTO student_grade_year VALUES('197', '197', '1', '6');
INSERT INTO student_grade_year VALUES('198', '198', '1', '8');
INSERT INTO student_grade_year VALUES('199', '199', '1', '6');
INSERT INTO student_grade_year VALUES('200', '200', '1', '6');
INSERT INTO student_grade_year VALUES('201', '201', '1', '8');
INSERT INTO student_grade_year VALUES('202', '202', '1', '6');
INSERT INTO student_grade_year VALUES('203', '203', '1', '8');
INSERT INTO student_grade_year VALUES('204', '204', '1', '7');
INSERT INTO student_grade_year VALUES('205', '205', '1', '8');
INSERT INTO student_grade_year VALUES('206', '206', '1', '7');
INSERT INTO student_grade_year VALUES('207', '207', '1', '8');
INSERT INTO student_grade_year VALUES('208', '208', '1', '8');
INSERT INTO student_grade_year VALUES('209', '209', '1', '6');
INSERT INTO student_grade_year VALUES('210', '210', '1', '6');
INSERT INTO student_grade_year VALUES('211', '211', '1', '8');
INSERT INTO student_grade_year VALUES('212', '212', '1', '8');
INSERT INTO student_grade_year VALUES('213', '213', '1', '8');
INSERT INTO student_grade_year VALUES('214', '214', '1', '6');
INSERT INTO student_grade_year VALUES('215', '215', '1', '7');
INSERT INTO student_grade_year VALUES('216', '216', '1', '8');
INSERT INTO student_grade_year VALUES('217', '217', '1', '7');
INSERT INTO student_grade_year VALUES('218', '218', '1', '8');
INSERT INTO student_grade_year VALUES('219', '219', '1', '6');
INSERT INTO student_grade_year VALUES('220', '220', '1', '8');
INSERT INTO student_grade_year VALUES('221', '221', '1', '7');
INSERT INTO student_grade_year VALUES('222', '222', '1', '7');
INSERT INTO student_grade_year VALUES('223', '223', '1', '6');
INSERT INTO student_grade_year VALUES('224', '224', '1', '7');
INSERT INTO student_grade_year VALUES('225', '225', '1', '6');
INSERT INTO student_grade_year VALUES('226', '226', '1', '6');
INSERT INTO student_grade_year VALUES('227', '227', '1', '7');
INSERT INTO student_grade_year VALUES('228', '228', '1', '7');
INSERT INTO student_grade_year VALUES('229', '229', '1', '6');
INSERT INTO student_grade_year VALUES('230', '230', '1', '7');
INSERT INTO student_grade_year VALUES('231', '231', '1', '8');
INSERT INTO student_grade_year VALUES('232', '232', '1', '6');
INSERT INTO student_grade_year VALUES('233', '233', '1', '7');
INSERT INTO student_grade_year VALUES('234', '234', '1', '7');
INSERT INTO student_grade_year VALUES('235', '235', '1', '6');
INSERT INTO student_grade_year VALUES('236', '236', '1', '5');
INSERT INTO student_grade_year VALUES('237', '237', '1', '5');
INSERT INTO student_grade_year VALUES('238', '238', '1', '5');
INSERT INTO student_grade_year VALUES('239', '239', '1', '5');
INSERT INTO student_grade_year VALUES('240', '240', '1', '5');
INSERT INTO student_grade_year VALUES('241', '241', '1', '5');
INSERT INTO student_grade_year VALUES('242', '242', '1', '5');
INSERT INTO student_grade_year VALUES('243', '243', '1', '5');
INSERT INTO student_grade_year VALUES('244', '244', '1', '5');
INSERT INTO student_grade_year VALUES('245', '245', '1', '5');
INSERT INTO student_grade_year VALUES('246', '246', '1', '5');
INSERT INTO student_grade_year VALUES('247', '247', '1', '5');
INSERT INTO student_grade_year VALUES('248', '248', '1', '5');
INSERT INTO student_grade_year VALUES('249', '249', '1', '5');
INSERT INTO student_grade_year VALUES('250', '250', '1', '5');
INSERT INTO student_grade_year VALUES('251', '251', '1', '5');
INSERT INTO student_grade_year VALUES('252', '252', '1', '5');
INSERT INTO student_grade_year VALUES('253', '253', '1', '5');
INSERT INTO student_grade_year VALUES('254', '254', '1', '5');
INSERT INTO student_grade_year VALUES('255', '255', '1', '5');
INSERT INTO student_grade_year VALUES('256', '256', '1', '5');
INSERT INTO student_grade_year VALUES('257', '257', '1', '5');
INSERT INTO student_grade_year VALUES('258', '258', '1', '5');
INSERT INTO student_grade_year VALUES('259', '259', '1', '5');
INSERT INTO student_grade_year VALUES('260', '260', '1', '5');
INSERT INTO student_grade_year VALUES('261', '261', '1', '5');
INSERT INTO student_grade_year VALUES('262', '262', '1', '5');
INSERT INTO student_grade_year VALUES('263', '263', '1', '5');
INSERT INTO student_grade_year VALUES('264', '264', '1', '5');
INSERT INTO student_grade_year VALUES('265', '265', '1', '5');
INSERT INTO student_grade_year VALUES('266', '266', '1', '5');
INSERT INTO student_grade_year VALUES('267', '267', '1', '5');
INSERT INTO student_grade_year VALUES('268', '268', '1', '5');
INSERT INTO student_grade_year VALUES('269', '269', '1', '5');
INSERT INTO student_grade_year VALUES('270', '270', '1', '5');
INSERT INTO student_grade_year VALUES('271', '271', '1', '5');
INSERT INTO student_grade_year VALUES('272', '272', '1', '5');
INSERT INTO student_grade_year VALUES('273', '273', '1', '5');
INSERT INTO student_grade_year VALUES('274', '274', '1', '5');
INSERT INTO student_grade_year VALUES('275', '275', '1', '5');
INSERT INTO student_grade_year VALUES('276', '276', '1', '5');
INSERT INTO student_grade_year VALUES('277', '277', '1', '5');
INSERT INTO student_grade_year VALUES('278', '278', '1', '5');
INSERT INTO student_grade_year VALUES('279', '279', '1', '5');
INSERT INTO student_grade_year VALUES('280', '280', '1', '5');
INSERT INTO student_grade_year VALUES('281', '281', '1', '5');
INSERT INTO student_grade_year VALUES('282', '282', '1', '5');
INSERT INTO student_grade_year VALUES('283', '283', '1', '5');
INSERT INTO student_grade_year VALUES('284', '284', '1', '5');
INSERT INTO student_grade_year VALUES('285', '285', '1', '5');
INSERT INTO student_grade_year VALUES('286', '286', '1', '5');
INSERT INTO student_grade_year VALUES('287', '287', '1', '5');
INSERT INTO student_grade_year VALUES('288', '288', '1', '5');
INSERT INTO student_grade_year VALUES('289', '289', '1', '5');
INSERT INTO student_grade_year VALUES('290', '290', '1', '5');
INSERT INTO student_grade_year VALUES('291', '291', '1', '5');
INSERT INTO student_grade_year VALUES('292', '292', '1', '5');
INSERT INTO student_grade_year VALUES('293', '293', '1', '5');
INSERT INTO student_grade_year VALUES('294', '294', '1', '5');
INSERT INTO student_grade_year VALUES('295', '295', '1', '5');
INSERT INTO student_grade_year VALUES('296', '296', '1', '5');
INSERT INTO student_grade_year VALUES('297', '297', '1', '5');
INSERT INTO student_grade_year VALUES('298', '298', '1', '5');
INSERT INTO student_grade_year VALUES('299', '299', '1', '5');
INSERT INTO student_grade_year VALUES('300', '300', '1', '5');
INSERT INTO student_grade_year VALUES('301', '301', '1', '5');
INSERT INTO student_grade_year VALUES('302', '302', '1', '5');
INSERT INTO student_grade_year VALUES('303', '303', '1', '5');
INSERT INTO student_grade_year VALUES('304', '304', '1', '5');
INSERT INTO student_grade_year VALUES('305', '305', '1', '5');
INSERT INTO student_grade_year VALUES('306', '306', '1', '5');
INSERT INTO student_grade_year VALUES('307', '307', '1', '5');
INSERT INTO student_grade_year VALUES('308', '308', '1', '5');
INSERT INTO student_grade_year VALUES('309', '309', '1', '5');
INSERT INTO student_grade_year VALUES('310', '310', '1', '5');
INSERT INTO student_grade_year VALUES('311', '311', '1', '5');
INSERT INTO student_grade_year VALUES('312', '312', '1', '5');
INSERT INTO student_grade_year VALUES('313', '313', '1', '5');
INSERT INTO student_grade_year VALUES('314', '314', '1', '5');
INSERT INTO student_grade_year VALUES('315', '315', '1', '5');
INSERT INTO student_grade_year VALUES('316', '316', '1', '5');
INSERT INTO student_grade_year VALUES('317', '317', '1', '5');
INSERT INTO student_grade_year VALUES('318', '318', '1', '5');
INSERT INTO student_grade_year VALUES('319', '319', '1', '5');
INSERT INTO student_grade_year VALUES('320', '320', '1', '5');
INSERT INTO student_grade_year VALUES('321', '321', '1', '5');
INSERT INTO student_grade_year VALUES('322', '322', '1', '7');
INSERT INTO student_grade_year VALUES('323', '323', '1', '5');
INSERT INTO student_grade_year VALUES('324', '324', '1', '8');
INSERT INTO student_grade_year VALUES('325', '325', '1', '7');
INSERT INTO student_grade_year VALUES('326', '326', '1', '6');
INSERT INTO student_grade_year VALUES('327', '327', '1', '7');
INSERT INTO student_grade_year VALUES('328', '328', '1', '6');
INSERT INTO student_grade_year VALUES('329', '329', '1', '6');
INSERT INTO student_grade_year VALUES('330', '330', '1', '6');
INSERT INTO student_grade_year VALUES('331', '331', '1', '7');
INSERT INTO student_grade_year VALUES('332', '332', '1', '8');
INSERT INTO student_grade_year VALUES('333', '333', '1', '6');
INSERT INTO student_grade_year VALUES('334', '334', '1', '6');
INSERT INTO student_grade_year VALUES('335', '335', '1', '8');
INSERT INTO student_grade_year VALUES('336', '336', '1', '8');
INSERT INTO student_grade_year VALUES('337', '337', '1', '6');
INSERT INTO student_grade_year VALUES('338', '338', '1', '6');
INSERT INTO student_grade_year VALUES('339', '339', '1', '8');
INSERT INTO student_grade_year VALUES('340', '340', '1', '5');
INSERT INTO student_grade_year VALUES('341', '341', '1', '6');
INSERT INTO student_grade_year VALUES('342', '342', '1', '5');
INSERT INTO student_grade_year VALUES('343', '343', '1', '6');
INSERT INTO student_grade_year VALUES('344', '344', '1', '6');
INSERT INTO student_grade_year VALUES('345', '345', '1', '8');
INSERT INTO student_grade_year VALUES('346', '346', '1', '6');
INSERT INTO student_grade_year VALUES('347', '347', '1', '5');
INSERT INTO student_grade_year VALUES('348', '348', '1', '6');
INSERT INTO student_grade_year VALUES('349', '349', '1', '6');
INSERT INTO student_grade_year VALUES('350', '350', '1', '6');
INSERT INTO student_grade_year VALUES('351', '351', '1', '7');
INSERT INTO student_grade_year VALUES('352', '352', '1', '7');
INSERT INTO student_grade_year VALUES('353', '353', '1', '5');
INSERT INTO student_grade_year VALUES('354', '354', '1', '8');
INSERT INTO student_grade_year VALUES('355', '356', '1', '9');
INSERT INTO student_grade_year VALUES('356', '355', '1', '7');
INSERT INTO student_grade_year VALUES('357', '101', '1', '1');
INSERT INTO student_grade_year VALUES('358', '102', '1', '1');
INSERT INTO student_grade_year VALUES('359', '103', '1', '1');CREATE TABLE `student_schedule` (  `student_schedule_id` int(11) NOT NULL auto_increment,  `student_schedule_studentid` int(11) NOT NULL default '0',  `student_schedule_year` int(11) NOT NULL default '0',  `student_schedule_schoolid` int(11) NOT NULL default '0',  `student_schedule_schedid` int(11) NOT NULL default '0',  PRIMARY KEY  (`student_schedule_id`)) ENGINE=MyISAM AUTO_INCREMENT=23 DEFAULT CHARSET=latin1;
INSERT INTO student_schedule VALUES('1', '3', '1', '7', '4');
INSERT INTO student_schedule VALUES('2', '6', '1', '7', '4');
INSERT INTO student_schedule VALUES('3', '9', '1', '7', '4');
INSERT INTO student_schedule VALUES('4', '11', '1', '7', '4');
INSERT INTO student_schedule VALUES('5', '12', '1', '7', '4');
INSERT INTO student_schedule VALUES('6', '1', '1', '7', '18');
INSERT INTO student_schedule VALUES('7', '5', '1', '7', '18');
INSERT INTO student_schedule VALUES('8', '10', '1', '7', '18');
INSERT INTO student_schedule VALUES('9', '8', '1', '7', '18');
INSERT INTO student_schedule VALUES('10', '13', '1', '7', '18');
INSERT INTO student_schedule VALUES('11', '14', '1', '7', '18');
INSERT INTO student_schedule VALUES('12', '15', '1', '7', '18');
INSERT INTO student_schedule VALUES('13', '17', '1', '7', '18');
INSERT INTO student_schedule VALUES('14', '23', '1', '7', '18');
INSERT INTO student_schedule VALUES('15', '49', '1', '7', '18');
INSERT INTO student_schedule VALUES('16', '66', '1', '7', '20');
INSERT INTO student_schedule VALUES('17', '2', '1', '7', '20');
INSERT INTO student_schedule VALUES('18', '7', '1', '7', '20');
INSERT INTO student_schedule VALUES('19', '16', '1', '7', '20');
INSERT INTO student_schedule VALUES('20', '6', '1', '7', '14');
INSERT INTO student_schedule VALUES('21', '9', '1', '7', '14');
INSERT INTO student_schedule VALUES('22', '11', '1', '7', '14');CREATE TABLE `studentbio` (  `studentbio_id` int(10) unsigned NOT NULL auto_increment,  `studentbio_internalid` varchar(20) NOT NULL default '',  `studentbio_active` smallint(5) unsigned NOT NULL default '0',  `studentbio_lname` varchar(30) NOT NULL default '',  `studentbio_fname` varchar(30) NOT NULL default '',  `studentbio_mi` varchar(5) default NULL,  `studentbio_generation` smallint(5) unsigned default NULL,  `studentbio_sped` smallint(5) unsigned default NULL,  `studentbio_gender` varchar(6) NOT NULL default '',  `studentbio_ethnicity` smallint(5) unsigned NOT NULL default '0',  `studentbio_dob` date NOT NULL default '0000-00-00',  `studentbio_birthcity` varchar(50) default NULL,  `studentbio_birthstate` varchar(30) default NULL,  `studentbio_birthcountry` varchar(40) default NULL,  `studentbio_prevschoolname` varchar(40) default NULL,  `studentbio_prevschooladdress` varchar(40) default NULL,  `studentbio_prevschoolcity` varchar(40) default NULL,  `studentbio_prevschoolstate` varchar(30) default NULL,  `studentbio_prevschoolzip` varchar(10) default NULL,  `studentbio_prevschoolcountry` varchar(40) default NULL,  `studentbio_school` smallint(5) unsigned default NULL,  `studentbio_homed` smallint(5) unsigned default NULL,  `studentbio_primarycontact` smallint(5) unsigned default NULL,  `studentbio_teacher` int(10) unsigned default NULL,  `studentbio_homeroom` varchar(20) default NULL,  `studentbio_bus` varchar(20) default NULL,  PRIMARY KEY  (`studentbio_id`),  KEY `studentbio_internalidndx` (`studentbio_internalid`)) ENGINE=MyISAM AUTO_INCREMENT=101 DEFAULT CHARSET=latin1;
INSERT INTO studentbio VALUES('1', '410015', '1', 'Abrahams', 'Hosta', 'S', '4', '', 'Male', '5', '1992-05-19', '', '', '', '', '', '', '', '', '', '7', '', '1', '4', '2', '12');
INSERT INTO studentbio VALUES('2', '410092', '1', 'Ahearn', 'Chester', 'M', '4', '', 'Female', '5', '1993-02-07', '', '', '', '', '', '', '', '', '', '7', '', '2', '4', '2', '8');
INSERT INTO studentbio VALUES('3', '409002', '1', 'Antonivik', 'Hannah', 'L', '4', '0', 'Female', '5', '1990-12-28', '', '', '', '', '', '', '', '', '', '7', '0', '3', '4', '2', '8');
INSERT INTO studentbio VALUES('4', '410080', '1', 'Rogers', 'Tyler', 'J', '4', '', 'Male', '5', '1992-07-20', '', '', '', '', '', '', '', '', '', '7', '', '4', '4', '2', '8');
INSERT INTO studentbio VALUES('5', '409119', '1', 'Aprim', 'Sally', 'L', '4', '', 'Female', '5', '1992-06-11', '', '', '', '', '', '', '', '', '', '7', '', '5', '4', '2', '1');
INSERT INTO studentbio VALUES('6', '409068', '1', 'Banister', 'Benjamin', 'M', '4', '', 'Male', '5', '1991-04-20', '', '', '', '', '', '', '', '', '', '7', '', '6', '4', '2', '14');
INSERT INTO studentbio VALUES('7', '410102', '1', 'Baker', 'Robert', 'J', '4', '', 'Male', '5', '1993-04-14', '', '', '', '', '', '', '', '', '', '7', '', '7', '4', '2', '2');
INSERT INTO studentbio VALUES('8', '410018', '1', 'Billipoue', 'Amanda', 'L', '4', '', 'Female', '5', '1991-12-01', '', '', '', '', '', '', '', '', '', '7', '', '8', '4', '2', '14');
INSERT INTO studentbio VALUES('9', '409004', '1', 'Bergeroux', 'Michael', 'J', '4', '', 'Male', '5', '1990-10-17', '', '', '', '', '', '', '', '', '', '7', '', '9', '4', '2', '14');
INSERT INTO studentbio VALUES('10', '410019', '1', 'Bergeroux', 'Shaun', 'T', '4', '', 'Male', '5', '1992-05-04', '', '', '', '', '', '', '', '', '', '7', '', '10', '4', '2', '12');
INSERT INTO studentbio VALUES('11', '409005', '1', 'Bergers', 'Steven', 'E', '4', '', 'Male', '5', '1990-10-30', '', '', '', '', '', '', '', '', '', '7', '', '11', '4', '2', '12');
INSERT INTO studentbio VALUES('12', '409070', '1', 'Bilodoux', 'Krystyn', 'L', '4', '', 'Female', '5', '1991-05-21', '', '', '', '', '', '', '', '', '', '7', '', '12', '4', '2', '11');
INSERT INTO studentbio VALUES('13', '410140', '1', 'Bouvier', 'Lauren', 'E', '4', '', 'Female', '5', '1992-03-08', '', '', '', '', '', '', '', '', '', '7', '', '13', '4', '2', '4');
INSERT INTO studentbio VALUES('14', '410021', '1', 'Boxley', 'Jennifer', 'L', '4', '', 'Female', '5', '1992-08-14', '', '', '', '', '', '', '', '', '', '7', '', '14', '4', '2', '6');
INSERT INTO studentbio VALUES('15', '410023', '1', 'Braggart', 'Curt', 'A', '4', '', 'Male', '5', '1991-12-11', '', '', '', '', '', '', '', '', '', '7', '', '15', '4', '2', '6');
INSERT INTO studentbio VALUES('16', '410126', '1', 'Browne', 'Louise', 'M', '4', '', 'Female', '5', '1992-11-08', '', '', '', '', '', '', '', '', '', '7', '', '16', '4', '2', '6');
INSERT INTO studentbio VALUES('17', '410024', '1', 'Brownstone', 'Samantha', 'R', '4', '', 'Female', '5', '1991-10-14', '', '', '', '', '', '', '', '', '', '7', '', '17', '4', '2', '5');
INSERT INTO studentbio VALUES('18', '409071', '1', 'Burne', 'Joshua', 'A', '4', '', 'Male', '5', '1990-10-14', '', '', '', '', '', '', '', '', '', '7', '', '18', '4', '2', '3');
INSERT INTO studentbio VALUES('19', '408015', '1', 'Cameron  III', 'Ralph', 'J', '4', '', 'Male', '5', '1990-09-22', '', '', '', '', '', '', '', '', '', '7', '', '19', '4', '2', '14');
INSERT INTO studentbio VALUES('20', '409008', '1', 'Calder', 'Ashley', 'J', '4', '', 'Female', '5', '1990-11-21', '', '', '', '', '', '', '', '', '', '7', '', '20', '4', '2', '13');
INSERT INTO studentbio VALUES('21', '410110', '1', 'Carterman', 'Alexis', 'L', '4', '', 'Female', '5', '1992-10-08', '', '', '', '', '', '', '', '', '', '7', '', '21', '4', '2', '14');
INSERT INTO studentbio VALUES('22', '410100', '1', 'Chaptown', 'Melissa', 'J', '4', '', 'Female', '5', '1993-01-27', '', '', '', '', '', '', '', '', '', '7', '', '22', '4', '2', '8');
INSERT INTO studentbio VALUES('23', '410139', '1', 'Charton', 'Laurie', 'F', '4', '', 'Female', '5', '1992-07-24', '', '', '', '', '', '', '', '', '', '7', '', '23', '4', '2', '4');
INSERT INTO studentbio VALUES('24', '410026', '1', 'Chase', 'John', 'B', '4', '', 'Male', '5', '1991-12-28', '', '', '', '', '', '', '', '', '', '7', '', '24', '4', '2', '4');
INSERT INTO studentbio VALUES('25', '410123', '1', 'Corburn', 'Michael', 'J', '4', '', 'Male', '5', '1993-07-28', '', '', '', '', '', '', '', '', '', '7', '', '25', '4', '2', '7');
INSERT INTO studentbio VALUES('26', '410121', '1', 'Crockster', 'Scott', 'D', '4', '', 'Male', '5', '1993-03-10', '', '', '', '', '', '', '', '', '', '7', '', '26', '4', '2', '4');
INSERT INTO studentbio VALUES('27', '410030', '1', 'Crosstown', 'Ashley', 'M', '4', '', 'Female', '5', '1991-11-15', '', '', '', '', '', '', '', '', '', '7', '', '27', '4', '2', '10');
INSERT INTO studentbio VALUES('28', '410008', '1', 'Crosstown', 'Chelsea', 'A', '4', '', 'Female', '5', '1992-09-27', '', '', '', '', '', '', '', '', '', '7', '', '28', '4', '2', '6');
INSERT INTO studentbio VALUES('29', '410120', '1', 'Dashbin', 'Katrina', 'M', '4', '', 'Female', '5', '1993-02-17', '', '', '', '', '', '', '', '', '', '7', '', '29', '4', '2', '5');
INSERT INTO studentbio VALUES('30', '409073', '1', 'D\'Annolfo', 'Natalie', 'L', '4', '', 'Female', '5', '1991-07-23', '', '', '', '', '', '', '', '', '', '7', '', '30', '4', '2', '13');
INSERT INTO studentbio VALUES('31', '409118', '1', 'Delvin', 'Samisser', 'N', '4', '', 'Female', '5', '1991-10-30', '', '', '', '', '', '', '', '', '', '7', '', '31', '4', '2', '9');
INSERT INTO studentbio VALUES('32', '409011', '1', 'Dumais', 'Breanna-Jean', 'M', '4', '', 'Female', '5', '1991-01-09', '', '', '', '', '', '', '', '', '', '7', '', '32', '4', '2', '12');
INSERT INTO studentbio VALUES('33', '409012', '1', 'Provenchal', 'Stefanie', 'R', '4', '', 'Female', '5', '1991-09-16', '', '', '', '', '', '', '', '', '', '7', '', '33', '4', '2', '14');
INSERT INTO studentbio VALUES('34', '410082', '1', 'DeStevens', 'Mitchell', 'S', '4', '', 'Male', '5', '1992-02-27', '', '', '', '', '', '', '', '', '', '7', '', '34', '4', '2', '14');
INSERT INTO studentbio VALUES('35', '410108', '1', 'Donnolly', 'Michael', 'R', '4', '', 'Male', '5', '1993-04-13', '', '', '', '', '', '', '', '', '', '7', '', '35', '4', '2', '11');
INSERT INTO studentbio VALUES('36', '410032', '1', 'Douvier', 'Tymin', 'J', '4', '', 'Male', '5', '1992-07-22', '', '', '', '', '', '', '', '', '', '7', '', '36', '4', '2', '5');
INSERT INTO studentbio VALUES('37', '408027', '1', 'Downer', 'Jervald', 'W', '4', '', 'Male', '5', '1990-07-20', '', '', '', '', '', '', '', '', '', '7', '', '37', '4', '2', '12');
INSERT INTO studentbio VALUES('38', '408029', '1', 'Downcast', 'Patricia', 'A', '4', '', 'Female', '5', '1990-06-17', '', '', '', '', '', '', '', '', '', '7', '', '38', '4', '2', '2');
INSERT INTO studentbio VALUES('39', '410033', '1', 'Dufoustie, III', 'Kevein', 'G', '4', '', 'Male', '5', '1992-05-06', '', '', '', '', '', '', '', '', '', '7', '', '39', '4', '2', '3');
INSERT INTO studentbio VALUES('40', '410130', '1', 'Eatimmer', 'Brandon', 'J', '4', '', 'Male', '5', '1993-01-18', '', '', '', '', '', '', '', '', '', '7', '', '40', '4', '2', '13');
INSERT INTO studentbio VALUES('41', '409015', '1', 'Eataxer', 'Marc', 'W', '4', '', 'Male', '5', '1991-04-03', '', '', '', '', '', '', '', '', '', '7', '', '41', '4', '2', '6');
INSERT INTO studentbio VALUES('42', '410061', '1', 'Elliville', 'Leon', 'F', '4', '', 'Male', '5', '1992-02-07', '', '', '', '', '', '', '', '', '', '7', '', '42', '4', '2', '6');
INSERT INTO studentbio VALUES('43', '410128', '1', 'Evansheer', 'Sarah', 'A', '4', '', 'Female', '5', '1993-03-26', '', '', '', '', '', '', '', '', '', '7', '', '43', '4', '2', '3');
INSERT INTO studentbio VALUES('44', '409074', '1', 'Frist', 'Sheila', 'E', '4', '', 'Female', '5', '1991-05-23', '', '', '', '', '', '', '', '', '', '7', '', '44', '4', '2', '3');
INSERT INTO studentbio VALUES('45', '410109', '1', 'Fearch, IV', 'Charles', 'H', '4', '', 'Male', '5', '1993-07-19', '', '', '', '', '', '', '', '', '', '7', '', '45', '4', '2', '6');
INSERT INTO studentbio VALUES('46', '409120', '1', 'Fornier', 'Jeremy', 'B', '4', '', 'Male', '5', '1992-03-23', '', '', '', '', '', '', '', '', '', '7', '', '46', '4', '2', '13');
INSERT INTO studentbio VALUES('47', '410035', '1', 'Fousier', 'William', 'S', '4', '', 'Male', '5', '1992-09-23', '', '', '', '', '', '', '', '', '', '7', '', '47', '4', '2', '5');
INSERT INTO studentbio VALUES('48', '410065', '1', 'Framatose', 'Healey', 'N', '4', '', 'Female', '5', '1992-07-24', '', '', '', '', '', '', '', '', '', '7', '', '48', '4', '2', '2');
INSERT INTO studentbio VALUES('49', '410038', '1', 'Gardner', 'Kim', 'E', '4', '', 'Female', '5', '1992-07-18', '', '', '', '', '', '', '', '', '', '7', '', '49', '4', '2', '6');
INSERT INTO studentbio VALUES('50', '410115', '1', 'Gardner', 'Rae-leen', 'E', '4', '', 'Female', '5', '1993-08-11', '', '', '', '', '', '', '', '', '', '7', '', '50', '4', '2', '14');
INSERT INTO studentbio VALUES('51', '409117', '1', 'Gardner', 'Shapilia', 'L', '4', '', 'Female', '5', '1992-02-04', '', '', '', '', '', '', '', '', '', '7', '', '51', '4', '2', '4');
INSERT INTO studentbio VALUES('52', '409020', '1', 'Gaurion', 'Gregory', 'J', '4', '', 'Male', '5', '1991-07-04', '', '', '', '', '', '', '', '', '', '7', '', '52', '4', '2', '12');
INSERT INTO studentbio VALUES('53', '408128', '1', 'Gentius', 'Brittney', 'A', '4', '', 'Female', '5', '1991-03-09', '', '', '', '', '', '', '', '', '', '7', '', '53', '4', '2', '14');
INSERT INTO studentbio VALUES('54', '410039', '1', 'Gerantile', 'Sean', 'K', '4', '', 'Male', '5', '1992-09-25', '', '', '', '', '', '', '', '', '', '7', '', '54', '4', '2', '8');
INSERT INTO studentbio VALUES('55', '410134', '1', 'Gossimer', 'Lisa', 'N', '4', '', 'Female', '5', '1992-12-17', '', '', '', '', '', '', '', '', '', '7', '', '55', '4', '2', '5');
INSERT INTO studentbio VALUES('56', '409021', '1', 'Grandare', 'Priscilla', 'M', '4', '', 'Female', '5', '1990-10-05', '', '', '', '', '', '', '', '', '', '7', '', '56', '4', '2', '11');
INSERT INTO studentbio VALUES('57', '410040', '1', 'Griggoni', 'Erika', 'L', '4', '', 'Female', '5', '1992-06-01', '', '', '', '', '', '', '', '', '', '7', '', '57', '4', '2', '3');
INSERT INTO studentbio VALUES('58', '410097', '1', 'Grinnim', 'Adam', 'J', '4', '', 'Male', '5', '1993-02-18', '', '', '', '', '', '', '', '', '', '7', '', '58', '4', '2', '8');
INSERT INTO studentbio VALUES('59', '410041', '1', 'Haybale', 'Amanda', 'L', '4', '', 'Female', '5', '1992-02-25', '', '', '', '', '', '', '', '', '', '7', '', '59', '4', '2', '14');
INSERT INTO studentbio VALUES('60', '409022', '1', 'Halliton', 'Mika', 'F', '4', '', 'Male', '5', '1990-12-20', '', '', '', '', '', '', '', '', '', '7', '', '60', '4', '2', '2');
INSERT INTO studentbio VALUES('61', '409121', '1', 'Haywood', 'Brian', 'F', '4', '', 'Male', '5', '1992-08-19', '', '', '', '', '', '', '', '', '', '7', '', '61', '4', '2', '10');
INSERT INTO studentbio VALUES('62', '410106', '1', 'Hillion', 'Cameron', 'L', '4', '', 'Male', '5', '1993-04-18', '', '', '', '', '', '', '', '', '', '7', '', '62', '4', '2', '1');
INSERT INTO studentbio VALUES('63', '410062', '1', 'Marston', 'Robbin', '', '4', '', 'Female', '5', '1992-08-10', '', '', '', '', '', '', '', '', '', '7', '', '63', '4', '2', '5');
INSERT INTO studentbio VALUES('64', '409075', '1', 'Hinton', 'Jameston', 'M', '4', '', 'Male', '5', '1990-12-23', '', '', '', '', '', '', '', '', '', '7', '', '64', '4', '2', '2');
INSERT INTO studentbio VALUES('65', '410118', '1', 'Houmen', 'Adam', 'E', '4', '', 'Male', '5', '1993-06-29', '', '', '', '', '', '', '', '', '', '7', '', '65', '4', '2', '6');
INSERT INTO studentbio VALUES('66', '409024', '1', 'Jirvin', 'Duston', 'A', '4', '', 'Male', '5', '1990-12-03', 'Tilmasic', 'Arkansas', 'USA', 'Tilmasic Elementary', '', 'Tilamsic', 'Arkansas', '45356', 'USA', '7', '', '66', '4', '2', '10');
INSERT INTO studentbio VALUES('67', '409025', '1', 'Jacobman', 'Carlos', 'E', '4', '', 'Male', '5', '1991-02-12', '', '', '', '', '', '', '', '', '', '7', '', '67', '4', '2', '4');
INSERT INTO studentbio VALUES('68', '410064', '1', 'Janniton', 'Cassandra', 'L', '4', '', 'Female', '5', '1992-07-12', '', '', '', '', '', '', '', '', '', '7', '', '68', '4', '2', '3');
INSERT INTO studentbio VALUES('69', '409027', '1', 'Kentman', 'Nicola', 'C', '4', '', 'Female', '5', '1991-08-02', '', '', '', '', '', '', '', '', '', '7', '', '69', '4', '2', '12');
INSERT INTO studentbio VALUES('70', '411064', '1', 'Knowles', 'Brandy', '', '4', '', 'Female', '5', '1993-05-04', '', '', '', '', '', '', '', '', '', '7', '', '70', '4', '2', '2');
INSERT INTO studentbio VALUES('71', '410043', '1', 'Knowle', 'Chelsea', 'R', '4', '', 'Female', '5', '1992-06-05', '', '', '', '', '', '', '', '', '', '7', '', '71', '4', '2', '2');
INSERT INTO studentbio VALUES('72', '410044', '1', 'Knowledge', 'Harold', 'R', '4', '', 'Male', '5', '1991-10-08', '', '', '', '', '', '', '', '', '', '7', '', '72', '4', '2', '10');
INSERT INTO studentbio VALUES('73', '410093', '1', 'Knomes', 'Jasper', 'S', '4', '', 'Male', '5', '1993-06-24', '', '', '', '', '', '', '', '', '', '7', '', '73', '4', '2', '10');
INSERT INTO studentbio VALUES('74', '408056', '1', 'Konosta', 'Lance', 'R', '4', '', 'Male', '5', '1990-09-30', '', '', '', '', '', '', '', '', '', '7', '', '74', '4', '2', '14');
INSERT INTO studentbio VALUES('75', '410046', '1', 'Kearns', 'Steven', 'A', '4', '', 'Male', '5', '1992-02-09', '', '', '', '', '', '', '', '', '', '7', '', '75', '4', '2', '14');
INSERT INTO studentbio VALUES('76', '408058', '1', 'Lennon', 'Anna-Jane', 'L', '4', '', 'Female', '5', '1990-09-11', '', '', '', '', '', '', '', '', '', '7', '', '76', '4', '2', '8');
INSERT INTO studentbio VALUES('77', '409017', '1', 'Litchen', 'Randall', 'G', '4', '', 'Male', '5', '1991-02-22', '', '', '', '', '', '', '', '', '', '7', '', '77', '4', '2', '1');
INSERT INTO studentbio VALUES('78', '410076', '1', 'MacKown', 'Brandon', 'S', '4', '', 'Male', '5', '1992-09-04', '', '', '', '', '', '', '', '', '', '7', '', '78', '4', '2', '12');
INSERT INTO studentbio VALUES('79', '410070', '1', 'Magiar', 'Jessica', 'R', '4', '', 'Female', '5', '1992-03-29', '', '', '', '', '', '', '', '', '', '7', '', '79', '4', '2', '11');
INSERT INTO studentbio VALUES('80', '410050', '1', 'Marshton', 'Anna', 'E', '4', '', 'Female', '5', '1991-11-07', '', '', '', '', '', '', '', '', '', '7', '', '80', '4', '2', '5');
INSERT INTO studentbio VALUES('81', '410098', '1', 'Manston', 'Andrea', 'L', '4', '', 'Female', '5', '1993-01-04', '', '', '', '', '', '', '', '', '', '7', '', '81', '4', '2', '8');
INSERT INTO studentbio VALUES('82', '410101', '1', 'Mawton', 'Nathaniel', 'G', '4', '', 'Male', '5', '1992-11-21', '', '', '', '', '', '', '', '', '', '7', '', '82', '4', '2', '7');
INSERT INTO studentbio VALUES('83', '409028', '1', 'Melevere', 'Cody', 'J', '4', '', 'Male', '5', '1991-04-14', '', '', '', '', '', '', '', '', '', '7', '', '83', '4', '2', '14');
INSERT INTO studentbio VALUES('84', '410051', '1', 'Mastrum', 'Justin', 'M', '4', '', 'Male', '5', '1992-09-30', '', '', '', '', '', '', '', '', '', '7', '', '84', '4', '2', '5');
INSERT INTO studentbio VALUES('85', '409029', '1', 'Merville', 'Shamaya', 'D', '4', '', 'Female', '5', '1991-03-08', '', '', '', '', '', '', '', '', '', '7', '', '85', '4', '2', '12');
INSERT INTO studentbio VALUES('86', '410099', '1', 'Millsark', 'Patty', 'L', '4', '', 'Female', '5', '1993-02-28', '', '', '', '', '', '', '', '', '', '7', '', '86', '4', '2', '12');
INSERT INTO studentbio VALUES('87', '410068', '1', 'Quizzi', 'Daynevon', 'E', '4', '', 'Male', '5', '1991-11-15', '', '', '', '', '', '', '', '', '', '7', '', '87', '4', '2', '7');
INSERT INTO studentbio VALUES('88', '410052', '1', 'Mooreston', 'Jonson', 'S', '4', '', 'Female', '5', '1992-06-17', '', '', '', '', '', '', '', '', '', '7', '', '88', '4', '2', '6');
INSERT INTO studentbio VALUES('89', '409030', '1', 'Moxton', 'Shanya', 'G', '4', '', 'Male', '5', '1991-03-31', '', '', '', '', '', '', '', '', '', '7', '', '89', '4', '2', '12');
INSERT INTO studentbio VALUES('90', '409031', '1', 'Nickers', 'Johan', 'J', '4', '', 'Male', '5', '1991-05-11', '', '', '', '', '', '', '', '', '', '7', '', '90', '4', '2', '8');
INSERT INTO studentbio VALUES('91', '410132', '1', 'Nuddmirt', 'Kaimley', 'S', '4', '', 'Male', '5', '1992-10-14', '', '', '', '', '', '', '', '', '', '7', '', '91', '4', '2', '13');
INSERT INTO studentbio VALUES('92', '409032', '1', 'Owens', 'Sebastian', 'B', '4', '', 'Male', '4', '1990-12-23', '', '', '', '', '', '', '', '', '', '7', '', '92', '4', '2', '10');
INSERT INTO studentbio VALUES('93', '409098', '1', 'Patterman', 'Audrey', 'H', '4', '', 'Female', '5', '1990-11-20', '', '', '', 'Kissimmee Middle', '', 'Kissimmee', '', '', '', '7', '', '93', '4', '2', '2');
INSERT INTO studentbio VALUES('94', '410089', '1', 'Perkins', 'Ashley', 'A', '4', '', 'Female', '5', '1993-05-24', '', '', '', '', '', '', '', '', '', '7', '', '94', '4', '2', '6');
INSERT INTO studentbio VALUES('95', '410111', '1', 'Perkin', 'Timothy', 'W', '4', '', 'Male', '5', '1993-09-02', '', '', '', '', '', '', '', '', '', '7', '', '95', '4', '2', '14');
INSERT INTO studentbio VALUES('96', '410054', '1', 'Prescott', 'Maynley', 'L', '4', '', 'Female', '5', '1992-01-09', '', '', '', '', '', '', '', '', '', '7', '', '96', '4', '2', '13');
INSERT INTO studentbio VALUES('97', '411075', '1', 'Pricetree', 'Bobbie', 'M', '4', '', 'Female', '5', '1993-08-04', '', '', '', '', '', '', '', '', '', '7', '', '97', '4', '2', '4');
INSERT INTO studentbio VALUES('98', '410075', '1', 'Pricetree', 'Sara', 'F', '4', '', 'Female', '5', '1992-01-31', '', '', '', '', '', '', '', '', '', '7', '', '98', '4', '2', '4');
INSERT INTO studentbio VALUES('99', '408078', '1', 'Fordmall', 'Andrew', 'F', '4', '', 'Male', '5', '1990-08-01', '', '', '', '', '', '', '', '', '', '7', '', '99', '4', '2', '5');
INSERT INTO studentbio VALUES('100', '410055', '1', 'Fordmall', 'Robert', 'G', '4', '', 'Male', '5', '1992-09-24', '', '', '', '', '', '', '', '', '', '7', '', '100', '4', '2', '5');CREATE TABLE `studentbio_pictures` (  `id` int(11) NOT NULL auto_increment,  `studentid` int(11) NOT NULL default '0',  `picturepath` char(255) default NULL,  `grade` int(11) NOT NULL default '0',  PRIMARY KEY  (`id`)) ENGINE=MyISAM AUTO_INCREMENT=6 DEFAULT CHARSET=latin1;
INSERT INTO studentbio_pictures VALUES('1', '49', 'pictures/49_7_1167748859.jpeg', '7');
INSERT INTO studentbio_pictures VALUES('2', '49', 'pictures/49_6_1167748862.jpeg', '6');
INSERT INTO studentbio_pictures VALUES('3', '45', 'pictures/45_6_1167748924.jpeg', '6');
INSERT INTO studentbio_pictures VALUES('4', '45', 'pictures/45_5_1167749069.jpeg', '5');
INSERT INTO studentbio_pictures VALUES('5', '100', 'pictures/100_6_1167749092.jpeg', '6');CREATE TABLE `studentcontact` (  `studentcontact_id` int(10) unsigned NOT NULL auto_increment,  `studentcontact_studentid` int(10) unsigned default NULL,  `studentcontact_title` int(10) NOT NULL default '0',  `studentcontact_fname` varchar(30) default NULL,  `studentcontact_lname` varchar(30) default NULL,  `studentcontact_address1` varchar(40) default NULL,  `studentcontact_address2` varchar(40) default NULL,  `studentcontact_city` varchar(30) default NULL,  `studentcontact_state` char(2) default NULL,  `studentcontact_zip` varchar(10) default NULL,  `studentcontact_phone1` varchar(20) default NULL,  `studentcontact_phone2` varchar(20) default NULL,  `studentcontact_phone3` varchar(20) default NULL,  `studentcontact_email` varchar(70) default NULL,  `studentcontact_other` tinytext,  `studentcontact_mailings` smallint(5) unsigned default NULL,  `studentcontact_year` int(11) NOT NULL default '0',  `studentcontact_primary` int(11) NOT NULL default '0',  PRIMARY KEY  (`studentcontact_id`),  KEY `studentcontact_studentidndx` (`studentcontact_studentid`)) ENGINE=MyISAM AUTO_INCREMENT=112 DEFAULT CHARSET=latin1;
INSERT INTO studentcontact VALUES('1', '1', '4', 'Amy', 'Davenport', '96 North Main Street', '', 'Seatown', 'NJ', '12566', '432-5768', '844-1673', '', '', '', '1', '1', '1');
INSERT INTO studentcontact VALUES('2', '2', '3', 'Raymond', 'Welch, Jr.', '43 Wimbley Street', '', 'Seatown', 'NJ', '12566', '432-9913', '908-461-7481', '', '', '', '1', '1', '1');
INSERT INTO studentcontact VALUES('3', '3', '0', 'Ann', 'Antoinette', '201A South Wall Street', '', 'Seatown', 'NJ', '12566', '432-1891', '879-1270', '', 'leinfellner@yeshua.at', '', '1', '1', '1');
INSERT INTO studentcontact VALUES('4', '4', '1', 'Michelle', 'Heytown', '231 Strong Street', '', 'Seatown', 'NJ', '12566', '432-2144', '471-1124', '', '', '', '1', '1', '1');
INSERT INTO studentcontact VALUES('5', '5', '1', 'Cora', 'Welmonth', '6 Jasmine Park', '', 'Seatown', 'NJ', '12566', '555-1206', '998-7988', '', '', '', '1', '1', '1');
INSERT INTO studentcontact VALUES('6', '6', '3', 'Donald', 'Bagstrom', '505 Railmont Avenue', '', 'Seatown', 'NJ', '12566', '432-5634', '908-365-7640', '', '', '', '1', '1', '1');
INSERT INTO studentcontact VALUES('7', '7', '1', 'Mindi', 'Brandon', '119 Upper Belknap St.', '', 'Seatown', 'NJ', '12566', '435-0978 cel', '430-1922', '', '', '', '1', '1', '1');
INSERT INTO studentcontact VALUES('8', '8', '3', 'Mark', 'Beaumont', '119 Faeston Lane', '', 'Seatown', 'NJ', '12566', '459-2146', '', '', '', '', '1', '1', '1');
INSERT INTO studentcontact VALUES('9', '9', '3', 'Michael', 'Bergermont', '16 Kathytown Drive', '', 'Seatown', 'NJ', '12566', '432-3589', '', '', '', '', '1', '1', '1');
INSERT INTO studentcontact VALUES('10', '10', '3', 'Chaz', 'Bergermont', '49 Lincoln Ave.', '', 'Seatown', 'NJ', '12566', '432-2384', '', '', '', '', '1', '1', '1');
INSERT INTO studentcontact VALUES('11', '11', '3', 'Chaz', 'Bergstrom', '49 Lincoln Ave.', '', 'Seatown', 'NJ', '12566', '434-2384', '', '', '', '', '1', '1', '1');
INSERT INTO studentcontact VALUES('12', '12', '3', 'Robert', 'Biloxmou', '27 Spring Street', '', 'Seatown', 'NJ', '12566', '443-2148', '432-5555', '', '', '', '1', '1', '1');
INSERT INTO studentcontact VALUES('13', '13', '1', 'Tracy', 'Broutime', '177 Cinnamon Drive', '', 'Seatown', 'NJ', '12566', '432-3817', '997-1633', '', '', '', '1', '1', '1');
INSERT INTO studentcontact VALUES('14', '14', '3', 'Jason', 'Boxton', '16 Bovine Way', '', 'Seatown', 'NJ', '12566', '432-7374', '908-241-8774', '', '', '', '1', '1', '1');
INSERT INTO studentcontact VALUES('15', '15', '3', 'Kyle', 'Braggster', '137 Dimlight Avenue', '', 'Seatown', 'NJ', '12566', '432-1680', '941-2694', '', '', '', '1', '1', '1');
INSERT INTO studentcontact VALUES('16', '16', '3', 'Steven', 'Brownstone', '3 Middle Brook Road', '', 'Seatown', 'NJ', '12566', '432-3615', '940-6040', '', '', '', '1', '1', '1');
INSERT INTO studentcontact VALUES('17', '17', '3', 'Pierce', 'Brownville', '43 HighOak Road', '', 'Seatown', 'NJ', '12566', '925-3911', '947-6280', '', '', '', '1', '1', '1');
INSERT INTO studentcontact VALUES('18', '18', '2', 'Fred', 'Brunsmin', '20 Lesser Lane', '', 'Seatown', 'NJ', '12566', '397-0913', '976-452-5711', '', '', '', '1', '1', '1');
INSERT INTO studentcontact VALUES('19', '19', '2', 'Richard', 'Cameron Jr.', '17 Tractor Lane', '', 'Seatown', 'NJ', '12566', '432-5608', '438-0525', '', '', '', '1', '1', '1');
INSERT INTO studentcontact VALUES('20', '20', '3', 'Dervish', 'Calderman', '85 Dowjones Lane', '', 'Seatown', 'NJ', '12566', '432-2749', '947-5471', '', '', '', '1', '1', '1');
INSERT INTO studentcontact VALUES('21', '21', '3', 'Oman', 'Carterman', '93 Treetop Avenue', '', 'Seatown', 'NJ', '12566', '432-5644', '990-1844', '', '', '', '1', '1', '1');
INSERT INTO studentcontact VALUES('22', '22', '1', 'Kim', 'Chapster', '117 Upper Frypan Street', '', 'Seatown', 'NJ', '12566', '432-5493', '479-5481', '', '', '', '1', '1', '1');
INSERT INTO studentcontact VALUES('23', '23', '3', 'Mark', 'Chartruese', '66 Stone Road', '', 'Seatown', 'NJ', '12566', '398-7732', '978-934-9434', '', '', '', '1', '1', '1');
INSERT INTO studentcontact VALUES('24', '24', '1', 'Terrance', 'Chasmine', '111 Cimaville Dr.  B16', '', 'Seatown', 'NJ', '12566', '432-8964', '479-3229', '', '', '', '1', '1', '1');
INSERT INTO studentcontact VALUES('25', '25', '3', 'Mitchell', 'Corburn', '399 Dearston Avenue', '', 'Seatown', 'NJ', '12566', '432-7664', '979-211-1161', '', '', '', '1', '1', '1');
INSERT INTO studentcontact VALUES('26', '26', '2', 'Scoty', 'Crockvine', '118 Castle Dr.   C7', '', 'Seatown', 'NJ', '12566', '432-7129', '', '', '', '', '1', '1', '1');
INSERT INTO studentcontact VALUES('27', '27', '3', 'Roy', 'Crosshatch', '187 Prairie Road', '', 'Seatown', 'NJ', '12566', '604-8940', '928-6339', '', '', '', '1', '1', '1');
INSERT INTO studentcontact VALUES('28', '28', '3', 'Mark', 'Crossmat', '27 Select Avenue', '', 'Seatown', 'NJ', '12566', '432-2299', '202-4397', '', '', '', '1', '1', '1');
INSERT INTO studentcontact VALUES('29', '29', '2', 'William', 'Dalehamp', '18 Old Maple Road', '', 'Seatown', 'NJ', '12566', '923-8028', '432-5381', '', 'dougp25@yahoo.com', '', '1', '1', '1');
INSERT INTO studentcontact VALUES('30', '30', '1', 'Amy', 'D\'Annolfo', '91 Lafayette Rd.', '', 'Seatown', 'NJ', '12566', '924-1280', '', '', '', '', '1', '1', '1');
INSERT INTO studentcontact VALUES('31', '31', '3', 'Stephen', 'Delmonico', '19 Milton Turnpike', '', 'Seatown', 'NJ', '12566', '432-5391', '771-4711', '', '', '', '1', '1', '1');
INSERT INTO studentcontact VALUES('32', '32', '3', 'Johannes', 'Dumais', '16 Theodore Street', '', 'Seatown', 'NJ', '12566', '432-4216', '866-210-3159', '', '', '', '1', '1', '1');
INSERT INTO studentcontact VALUES('33', '33', '4', 'Anne', 'Rowman', '11B Farmtown Lane', '', 'Seatown', 'NJ', '12566', '432-2284', '', '', '', '', '1', '1', '1');
INSERT INTO studentcontact VALUES('34', '34', '1', 'Denise', 'Vasamincini', '17 Cassandra Drive', '', 'Seatown', 'NJ', '12566', '432-8306', '751-958-6730', '', 'dvach@vacher.edu', '', '1', '1', '1');
INSERT INTO studentcontact VALUES('35', '35', '3', 'Michael', 'Dovenly, Sr.', '113 Pine Tree Drive', '', 'Seatown', 'NJ', '12566', '432-3512', '', '', '', '', '1', '1', '1');
INSERT INTO studentcontact VALUES('36', '36', '3', 'Larry', 'Dosterpack', '48 Mapletown Road', '', 'Seatown', 'NJ', '12566', '927-8217', '808-731-7692', '', '', '', '1', '1', '1');
INSERT INTO studentcontact VALUES('37', '37', '3', 'Jameson', 'Downeast', '79 Wilmington Street', '', 'Seatown', 'NJ', '12566', '432-2029', '', '', '', '', '1', '1', '1');
INSERT INTO studentcontact VALUES('38', '38', '4', 'Anneville', 'Streemer', '224 Brookstone Road', '', 'Seatown', 'NJ', '12566', '432-0518', '', '', '', '', '1', '1', '1');
INSERT INTO studentcontact VALUES('39', '39', '3', 'Jerry', 'Dumont', '11 Peter Dixon Way', '', 'Seatown', 'NJ', '12566', '928-0129', '432-3944', '', '', '', '1', '1', '1');
INSERT INTO studentcontact VALUES('40', '40', '3', 'James', 'Santonivich', '45 Brown Lane', '', 'Seatown', 'NJ', '12566', '432-0611', '432-6891', '', '', '', '1', '1', '1');
INSERT INTO studentcontact VALUES('41', '41', '4', 'Katherine', 'Endon', '301 Railroad Trestle Avenue', '', 'Seatown', 'NJ', '12566', '432-2577', '432-5380', '', '', '', '1', '1', '1');
INSERT INTO studentcontact VALUES('42', '42', '1', 'Barbara', 'Ellisman', '10 A Whitehouse Rd', '', 'Seatown', 'NJ', '12566', '432-8033', '555-9357', '', '', '', '1', '1', '1');
INSERT INTO studentcontact VALUES('43', '43', '2', 'James', 'Evenstart', '96 Torro Drive', '', 'Seatown', 'NJ', '12566', '432-2539', '970-412-6883', '', '', '', '1', '1', '1');
INSERT INTO studentcontact VALUES('44', '44', '1', 'Maureen', 'Fayton-Vark', '19B Bigaddle Lane', '', 'Seatown', 'NJ', '12566', '391-9773', '209-2612 cel', '', '', '', '1', '1', '1');
INSERT INTO studentcontact VALUES('45', '45', '1', 'Vicki', 'Fieldstone', '71 Perrionista Lane', '', 'Seatown', 'NJ', '12566', '432-7111', '', '', '', '', '1', '1', '1');
INSERT INTO studentcontact VALUES('46', '46', '3', 'Sherman', 'Forcible', ' PO Box 971', '', 'Lincoln Park', 'NJ', '15563', '432-7887', '924-6228', '', '', '', '1', '1', '1');
INSERT INTO studentcontact VALUES('47', '47', '2', 'Glenn', 'Fromier', '37 Bigtop Avenue', '', 'Seatown', 'NJ', '12566', '928-1228', '961-5938', '', '', '', '1', '1', '1');
INSERT INTO studentcontact VALUES('48', '48', '1', 'Tonia', 'Frisconti', '45 Kuzeja Street', '', 'Seatown', 'NJ', '12566', '432-3448', '503-4997 cel', '', '', '', '1', '1', '1');
INSERT INTO studentcontact VALUES('49', '49', '3', 'Brian', 'Bouissier', '19 Mitterton Drive', '', 'Seatown', 'NJ', '12566', '432-8447', '', '', '', '', '1', '1', '1');
INSERT INTO studentcontact VALUES('50', '50', '1', 'Tammy', 'Farmer', '117 Gardner Lane', '', 'Seatown', 'NJ', '12566', '432-7696', '432-9551', '', '', '', '1', '1', '1');
INSERT INTO studentcontact VALUES('51', '51', '1', 'Linda', 'Grandon', '53A Blackwater Road', '', 'Seatown', 'NJ', '12566', '391-7774', '974-794-5991', '', '', '', '1', '1', '1');
INSERT INTO studentcontact VALUES('52', '52', '3', 'Scott', 'Goshein', '91 Meryl Drive', '', 'Seatown', 'NJ', '12566', '432-3554', '471-9662', '', '', '', '1', '1', '1');
INSERT INTO studentcontact VALUES('53', '53', '3', 'Michael', 'Gentleman', '118 Truepart Lane', '', 'Seatown', 'NJ', '12566', '432-7820', '961-1775', '', '', '', '1', '1', '1');
INSERT INTO studentcontact VALUES('54', '54', '1', 'Ellen', 'Grandmasion', '316 Parkers Village', '', 'Seatown', 'NJ', '12566', '432-1666', '971-366-3811', '', '', '', '1', '1', '1');
INSERT INTO studentcontact VALUES('55', '55', '3', 'Jack', 'Gossemeyer', '255 Mapletown Road', '', 'Seatown', 'NJ', '12566', '927-2333', '201-9766', '', '', '', '1', '1', '1');
INSERT INTO studentcontact VALUES('56', '56', '3', 'Thomas', 'Granster', '118 Pine Sap Drive', '', 'Seatown', 'NJ', '12566', '432-3336', '', '', '', '', '1', '1', '1');
INSERT INTO studentcontact VALUES('57', '57', '1', 'Mary', 'Hazeltown', '12 Grandview Acres', '', 'Seatown', 'NJ', '12566', '399-7227', '399-4280', '', '', '', '1', '1', '1');
INSERT INTO studentcontact VALUES('58', '58', '1', 'Davina', 'Daveston', '181B South Upper Street', '', 'Seatown', 'NJ', '12566', '432-8661', '432-3992', '', 'gauravsworld@gmail.com', '', '1', '1', '1');
INSERT INTO studentcontact VALUES('59', '59', '3', 'William', 'Hailstone', '89 Railtie Road', '', 'Seatown', 'NJ', '12566', '432-5559', '971-499-8001', '', '', '', '1', '1', '1');
INSERT INTO studentcontact VALUES('60', '60', '3', 'Robert', 'Hallitown', '311 Overcollins St.', '', 'Seatown', 'NJ', '12566', '432-8885', '769-5005', '', '', '', '1', '1', '1');
INSERT INTO studentcontact VALUES('61', '61', '3', 'Ricardo', 'Heyman, Jr.', '21 Large Hill Terrace', '', 'Seatown', 'NJ', '12566', '432-7771', '979-834-1773', '', '', '', '1', '1', '1');
INSERT INTO studentcontact VALUES('62', '62', '1', 'Lana', 'Frostmind', '3 Riverbank Street', '', 'Seatown', 'NJ', '12566', '432-1440', '432-7186', '', '', '', '1', '1', '1');
INSERT INTO studentcontact VALUES('63', '63', '3', 'Steve', 'Marshbog', '24 Route 16-B', '', 'Seatown', 'NJ', '12566', '761-2447', '602-552-2779', '', '', '', '1', '1', '1');
INSERT INTO studentcontact VALUES('64', '64', '3', 'Mark', 'Hanscom', '17 Evergreen Rd.', '', 'Seatown', 'NJ', '12566', '432-0662', '432-3992', '', '', '', '1', '1', '1');
INSERT INTO studentcontact VALUES('65', '65', '4', 'Lonista', 'Endervon', '2 Fowler Mistic Road', '', 'Seatown', 'NJ', '12566', '432-2336', '398-5214', '', '', '', '1', '1', '1');
INSERT INTO studentcontact VALUES('66', '66', '0', 'Richard', 'Inkstrom', '21 Tannery Road', '', 'Seatown', 'NJ', '12566', '432-9889', '971-355-9992', '', 'rinkstrom1979@yahoo.com', '', '1', '1', '1');
INSERT INTO studentcontact VALUES('67', '67', '3', 'Shawn', 'Jamoniton', '21 New Zealand Rd.', '', 'Seatown', 'NJ', '12566', '432-5759', '779-4334', '', '', '', '1', '1', '1');
INSERT INTO studentcontact VALUES('68', '68', '1', 'Hamiston', 'Janikowski', '817 Short Road', '', 'Seatown', 'NJ', '12566', '398-0448', '919-6252', '', '', '', '1', '1', '1');
INSERT INTO studentcontact VALUES('69', '69', '3', 'Brian', 'Kenniston', '67 Reagan Street', '', 'Seatown', 'NJ', '12566', '432-7936', '235-9660', '', '', '', '1', '1', '1');
INSERT INTO studentcontact VALUES('70', '70', '3', 'William', 'Kanoli', '7 Upper Ridge Road', '', 'Seatown', 'NJ', '12566', '432-2339', '432-9551', '', '', '', '1', '1', '1');
INSERT INTO studentcontact VALUES('71', '71', '3', 'Robert', 'Knoliston', '7A Upper Ridge Ro', '', 'Seatown', 'NJ', '12566', '432-5559', '432-9821', '', '', '', '1', '1', '1');
INSERT INTO studentcontact VALUES('72', '72', '1', 'Ann', 'Knolwestron', '98 Dirt Prairie Road', '', 'Seatown', 'NJ', '12566', '765-2558', '569-6344', '', '', '', '1', '1', '1');
INSERT INTO studentcontact VALUES('73', '73', '3', 'Jeffrey', 'Kanister', '10 Prankster Way', '', 'Seatown', 'NJ', '12566', '432-7447', '432-7718', '', '', '', '1', '1', '1');
INSERT INTO studentcontact VALUES('74', '74', '3', 'Lance', 'Kimister', '110 Grass Lane', '', 'Seatown', 'NJ', '12566', '432-7349', '974-755-2908', '', '', '', '1', '1', '1');
INSERT INTO studentcontact VALUES('75', '75', '3', 'Lance', 'Kimister', '110 Grass Lane', '', 'Seatown', 'NJ', '12566', '432-7438', '970-737-2558', '', '', '', '1', '1', '1');
INSERT INTO studentcontact VALUES('76', '76', '2', 'Thomas', 'Lennon', '50 Beatles Road', '', 'Seatown', 'NJ', '12566', '432-2758', '', '', '', '', '1', '1', '1');
INSERT INTO studentcontact VALUES('77', '77', '3', 'Walter', 'Littleman', '113 Cross Town Road', '', 'Seatown', 'NJ', '12566', '432-0455', '', '', '', '', '1', '1', '1');
INSERT INTO studentcontact VALUES('78', '78', '3', 'Steven', 'MacKendall', '54 Washington Street', '', 'Seatown', 'NJ', '12566', '432-7786', '231-3669', '', '', '', '1', '1', '1');
INSERT INTO studentcontact VALUES('79', '79', '2', 'Robert', 'Mangionix', '19 Layman\'s Road', '', 'Seatown', 'NJ', '12566', '432-2556', '', '', '', '', '1', '1', '1');
INSERT INTO studentcontact VALUES('80', '80', '3', 'Dana', 'Marston', '61 Mapletree Road', '', 'Seatown', 'NJ', '12566', '766-2991', '', '', '', '', '1', '1', '1');
INSERT INTO studentcontact VALUES('81', '81', '3', 'Gregory', 'Marshville', '317 South Grain Street', '', 'Seatown', 'NJ', '12566', '432-2448', '919-6377', '', '', '', '1', '1', '1');
INSERT INTO studentcontact VALUES('82', '82', '3', 'Robert', 'Manikosta', '314 Dearhead Avenue', '', 'Seatown', 'NJ', '12566', '432-8761', '432-2991', '', '', '', '1', '1', '1');
INSERT INTO studentcontact VALUES('83', '83', '3', 'Kelly', 'Manifest', '35 Grasshopper Lane', '', 'Seatown', 'NJ', '12566', '432-3779', '', '', '', '', '1', '1', '1');
INSERT INTO studentcontact VALUES('84', '84', '3', 'Mark', 'Meldstrom', '64A Lease Avenue', '', 'Seatown', 'NJ', '12566', '921-3908', '609-0362', '', '', '', '1', '1', '1');
INSERT INTO studentcontact VALUES('85', '85', '1', 'Tina', 'Merriville', '47A South Grain St', '', 'Seatown', 'NJ', '12566', '769-2363', '', '', '', '', '1', '1', '1');
INSERT INTO studentcontact VALUES('86', '86', '2', 'Richard', 'Millisbrooke', '87A Lincoln Avenue', '', 'Seatown', 'NJ', '12566', '432-7991', '432-5811', '', '', '', '1', '1', '1');
INSERT INTO studentcontact VALUES('87', '87', '3', 'Wayne', 'Manzipope', '319 Dearhead Avenue', '', 'Seatown', 'NJ', '12566', '432-3028', '970-811-0662', '', '', '', '1', '1', '1');
INSERT INTO studentcontact VALUES('88', '88', '3', 'Jon', 'Morevipe', '12 Manicotti Lane', '', 'Seatown', 'NJ', '12566', '432-3226', '432-6794', '', '', '', '1', '1', '1');
INSERT INTO studentcontact VALUES('89', '89', '1', 'Cathy', 'Mooreman', '326D Washbrun Street', '', 'Seatown', 'NJ', '12566', '432-1558', '878-236-0775', '', '', '', '1', '1', '1');
INSERT INTO studentcontact VALUES('90', '90', '1', 'Kim', 'Nickermain', '400 Wrigley Avenue', '', 'Seatown', 'NJ', '12566', '432-7325', '', '', '', '', '1', '1', '1');
INSERT INTO studentcontact VALUES('91', '91', '1', 'Dandrie', 'Wiltoon', '66 Mancowmb Lane', '', 'Seatown', 'NJ', '12566', '432-8993', '819-2123', '', '', '', '1', '1', '1');
INSERT INTO studentcontact VALUES('92', '92', '1', 'Stephanie', 'Gramand-Bradman', '59 Dry Brook Lane', '', 'Seatown', 'NJ', '12566', '432-2780', '976-469-9679', '', '', '', '1', '1', '1');
INSERT INTO studentcontact VALUES('93', '93', '3', 'Joseph', 'Pimerock', '29 Drinking Lane', '', 'Seatown', 'NJ', '12566', '432-3810', '239-9466', '', '', '', '1', '1', '1');
INSERT INTO studentcontact VALUES('94', '94', '3', 'Wayne', 'Proulmount', '713 Railroadman Avenue', '', 'Seatown', 'NJ', '12566', '432-5007', '432-8118', '', '', '', '1', '1', '1');
INSERT INTO studentcontact VALUES('95', '95', '3', 'Charles', 'Plankton', '155 Wheat Lane', '', 'Seatown', 'NJ', '12566', '432-2110', '', '', '', '', '1', '1', '1');
INSERT INTO studentcontact VALUES('96', '96', '4', 'Robyn', 'Edgerin', '51 Palimost Avenue', '', 'Seatown', 'NJ', '12566', '432-9990', '866-232-7668', '', '', '', '1', '1', '1');
INSERT INTO studentcontact VALUES('97', '97', '1', 'Wanda', 'Prince', '713 Blackrock Avenue', '', 'Seatown', 'NJ', '12566', '390-9227', '877-6996', '', '', '', '1', '1', '1');
INSERT INTO studentcontact VALUES('98', '98', '1', 'Wanda', 'Prince', '73 Blackshark Road', '', 'Seatown', 'NJ', '12566', '391-9669', '890-6225', '', '', '', '1', '1', '1');
INSERT INTO studentcontact VALUES('99', '99', '3', 'George', 'Fordstrom', '15A Upper Maple Rd.', '', 'Seatown', 'NJ', '12566', '925-4112', '', '', '', '', '1', '1', '1');
INSERT INTO studentcontact VALUES('100', '100', '3', 'George', 'Frame', '15 Upper Rock Rd.', '', 'Seatown', 'NJ', '12566', '922-4342', '432-7770', '', '', '', '1', '1', '1');
INSERT INTO studentcontact VALUES('106', '78', '3', 'Johannes', 'Milkern', '34 Rester Borth', '', 'Indianapolis', 'KY', '12322', '123-232-2322', '', '', '', '										', '', '1', '0');
INSERT INTO studentcontact VALUES('109', '103', '4', 'Karen', 'Morton', '23 Raolutl Lane', '', 'Indianapolis', 'KY', '23222', '120-203-2322', '', '', '', '', '1', '1', '0');
INSERT INTO studentcontact VALUES('110', '103', '2', 'Doug', 'Poulin', '23 Thre Terr', '', 'Indianapolis', 'KY', '14566', '210-459-0056', '', '', '', '										', '', '1', '0');
INSERT INTO studentcontact VALUES('111', '45', '2', 'Ralph', 'Fearch', '44 East Kingston', '', 'Indianapolis', 'KY', '75684', '321-544-2373', '', '', '', '										', '', '1', '0');CREATE TABLE `subjects` (  `subjects_id` int(11) NOT NULL auto_increment,  `subjects_desc` varchar(40) NOT NULL default '',  PRIMARY KEY  (`subjects_id`)) ENGINE=MyISAM AUTO_INCREMENT=17 DEFAULT CHARSET=latin1;
INSERT INTO subjects VALUES('1', 'Math');
INSERT INTO subjects VALUES('2', 'Social Studies');
INSERT INTO subjects VALUES('3', 'Language Arts');
INSERT INTO subjects VALUES('4', 'Computer Studies');
INSERT INTO subjects VALUES('5', 'Reading');
INSERT INTO subjects VALUES('6', 'Chemistry');
INSERT INTO subjects VALUES('7', 'Physics');
INSERT INTO subjects VALUES('8', 'Remedial Math');
INSERT INTO subjects VALUES('9', 'Physical Education');
INSERT INTO subjects VALUES('10', 'Home Economics');
INSERT INTO subjects VALUES('11', 'Woodshop');
INSERT INTO subjects VALUES('12', 'Music');
INSERT INTO subjects VALUES('13', 'General Science');
INSERT INTO subjects VALUES('14', 'General Business');
INSERT INTO subjects VALUES('15', 'Algebra');
INSERT INTO subjects VALUES('16', 'Algebra 2');CREATE TABLE `tbl_admin` (  `tbl_admin_id` int(10) unsigned NOT NULL auto_increment,  `tbl_admin_fname` varchar(30) default NULL,  `tbl_admin_lname` varchar(30) default NULL,  `tbl_admin_email` varchar(70) default NULL,  PRIMARY KEY  (`tbl_admin_id`)) ENGINE=MyISAM AUTO_INCREMENT=2 DEFAULT CHARSET=latin1;
INSERT INTO tbl_admin VALUES('1', 'Helmut', 'Leinfellner', 'h.leinfellner@sbg.at');CREATE TABLE `tbl_config` (  `id` int(10) unsigned NOT NULL auto_increment,  `current_year` int(10) unsigned default NULL,  `messageto_teachers` tinytext,  `messageto_parents` tinytext,  `messageto_all` tinytext,  `default_city` varchar(30) default NULL,  `default_state` char(2) default NULL,  `default_zip` varchar(10) default NULL,  `default_entry_date` varchar(10) default NULL,  PRIMARY KEY  (`id`)) ENGINE=MyISAM AUTO_INCREMENT=2 DEFAULT CHARSET=latin1;
INSERT INTO tbl_config VALUES('1', '1', 'Welcome Staff Members!  Let\'s do our very best for our students!', 'Welcome to our online student information portal.  We welcome your comments.         ', 'Welcome to our school!', 'Indianapolis', 'KY', '05896 ', '');CREATE TABLE `tbl_days` (  `days_id` int(10) unsigned NOT NULL auto_increment,  `days_desc` varchar(15) default NULL,  PRIMARY KEY  (`days_id`)) ENGINE=MyISAM AUTO_INCREMENT=6 DEFAULT CHARSET=latin1;
INSERT INTO tbl_days VALUES('1', 'Mo');
INSERT INTO tbl_days VALUES('2', 'Di');
INSERT INTO tbl_days VALUES('3', 'Mi');
INSERT INTO tbl_days VALUES('4', 'Do');
INSERT INTO tbl_days VALUES('5', 'Fr');CREATE TABLE `tbl_states` (  `state_code` char(2) NOT NULL default '',  `state_name` varchar(20) default NULL,  PRIMARY KEY  (`state_code`)) ENGINE=MyISAM DEFAULT CHARSET=latin1;
INSERT INTO tbl_states VALUES('AL', 'Alabama');
INSERT INTO tbl_states VALUES('AK', 'Alaska');
INSERT INTO tbl_states VALUES('AZ', 'Arizona');
INSERT INTO tbl_states VALUES('AR', 'Arkansas');
INSERT INTO tbl_states VALUES('CA', 'California');
INSERT INTO tbl_states VALUES('CO', 'Colorado');
INSERT INTO tbl_states VALUES('CT', 'Connecticut');
INSERT INTO tbl_states VALUES('DE', 'Delaware');
INSERT INTO tbl_states VALUES('DC', 'District of Columbia');
INSERT INTO tbl_states VALUES('FL', 'Florida');
INSERT INTO tbl_states VALUES('GA', 'Georgia');
INSERT INTO tbl_states VALUES('HI', 'Hawaii');
INSERT INTO tbl_states VALUES('ID', 'Idaho');
INSERT INTO tbl_states VALUES('IL', 'Illinois');
INSERT INTO tbl_states VALUES('IN', 'Indiana');
INSERT INTO tbl_states VALUES('IA', 'Iowa');
INSERT INTO tbl_states VALUES('KS', 'Kansas');
INSERT INTO tbl_states VALUES('KY', 'Kentucky');
INSERT INTO tbl_states VALUES('LA', 'Louisiana');
INSERT INTO tbl_states VALUES('ME', 'Maine');
INSERT INTO tbl_states VALUES('MD', 'Maryland');
INSERT INTO tbl_states VALUES('MA', 'Massachusetts');
INSERT INTO tbl_states VALUES('MI', 'Michigan');
INSERT INTO tbl_states VALUES('MN', 'Minnesota');
INSERT INTO tbl_states VALUES('MS', 'Mississipi');
INSERT INTO tbl_states VALUES('MO', 'Missouri');
INSERT INTO tbl_states VALUES('MT', 'Montana');
INSERT INTO tbl_states VALUES('NE', 'Nebraska');
INSERT INTO tbl_states VALUES('NV', 'Nevada');
INSERT INTO tbl_states VALUES('NH', 'New Hampshire');
INSERT INTO tbl_states VALUES('NJ', 'New Jersey');
INSERT INTO tbl_states VALUES('NM', 'New Mexico');
INSERT INTO tbl_states VALUES('NY', 'New York');
INSERT INTO tbl_states VALUES('NC', 'North Carolina');
INSERT INTO tbl_states VALUES('ND', 'North Dakota');
INSERT INTO tbl_states VALUES('OH', 'Ohio');
INSERT INTO tbl_states VALUES('OK', 'Oklahoma');
INSERT INTO tbl_states VALUES('OR', 'Oregon');
INSERT INTO tbl_states VALUES('PA', 'Pensylvania');
INSERT INTO tbl_states VALUES('RI', 'Rhode Island');
INSERT INTO tbl_states VALUES('SC', 'South Carolina');
INSERT INTO tbl_states VALUES('SD', 'South Dakota');
INSERT INTO tbl_states VALUES('TN', 'Tennessee');
INSERT INTO tbl_states VALUES('TX', 'Texas');
INSERT INTO tbl_states VALUES('UT', 'Utah');
INSERT INTO tbl_states VALUES('VT', 'Vermont');
INSERT INTO tbl_states VALUES('VA', 'Virginia');
INSERT INTO tbl_states VALUES('WA', 'Washington');
INSERT INTO tbl_states VALUES('WV', 'West Virginia');
INSERT INTO tbl_states VALUES('WI', 'Wisconsin');
INSERT INTO tbl_states VALUES('WY', 'Wyoming');CREATE TABLE `tbl_titles` (  `title_id` int(10) unsigned NOT NULL auto_increment,  `title_desc` varchar(15) default NULL,  PRIMARY KEY  (`title_id`)) ENGINE=MyISAM AUTO_INCREMENT=5 DEFAULT CHARSET=latin1;
INSERT INTO tbl_titles VALUES('1', 'Ms.');
INSERT INTO tbl_titles VALUES('2', 'Mister');
INSERT INTO tbl_titles VALUES('3', 'Mr.');
INSERT INTO tbl_titles VALUES('4', 'Mrs.');CREATE TABLE `teacher_schedule` (  `teacher_schedule_id` int(11) NOT NULL auto_increment,  `teacher_schedule_year` int(11) NOT NULL default '0',  `teacher_schedule_schoolid` int(11) NOT NULL default '0',  `teacher_schedule_teacherid` int(11) NOT NULL default '0',  `teacher_schedule_subjectid` int(11) NOT NULL default '0',  `teacher_schedule_termid` int(11) NOT NULL default '0',  `teacher_schedule_classperiod` varchar(10) NOT NULL default '',  `teacher_schedule_days` varchar(20) NOT NULL,  `teacher_schedule_room` varchar(20) NOT NULL,  PRIMARY KEY  (`teacher_schedule_id`)) ENGINE=MyISAM AUTO_INCREMENT=22 DEFAULT CHARSET=latin1;
INSERT INTO teacher_schedule VALUES('1', '1', '7', '4', '3', '3', '3', '1', '2');
INSERT INTO teacher_schedule VALUES('12', '2', '7', '4', '4', '3', '8', '1', '2');
INSERT INTO teacher_schedule VALUES('4', '1', '7', '4', '6', '1', '7', '1', '2');
INSERT INTO teacher_schedule VALUES('5', '1', '7', '4', '8', '4', '6', '1', '2');
INSERT INTO teacher_schedule VALUES('7', '1', '7', '9', '15', '1', '3', '2', '2');
INSERT INTO teacher_schedule VALUES('8', '1', '7', '9', '15', '1', '4', '2', '2');
INSERT INTO teacher_schedule VALUES('9', '1', '7', '9', '15', '1', '6', '3', '2');
INSERT INTO teacher_schedule VALUES('10', '1', '7', '9', '15', '1', '7', '3', '2');
INSERT INTO teacher_schedule VALUES('11', '1', '7', '4', '15', '1', '6', '1', '4');
INSERT INTO teacher_schedule VALUES('13', '2', '7', '4', '4', '3', '7', '1', '4');
INSERT INTO teacher_schedule VALUES('14', '1', '7', '4', '11', '1', '1', '1', '4');
INSERT INTO teacher_schedule VALUES('15', '1', '7', '9', '15', '3', '2', '3', '4');
INSERT INTO teacher_schedule VALUES('16', '1', '7', '9', '3', '4', '3', '1', '4');
INSERT INTO teacher_schedule VALUES('17', '1', '7', '9', '13', '3', '6', '5', '4');
INSERT INTO teacher_schedule VALUES('18', '1', '7', '4', '10', '1', '1 ', '5', '4');
INSERT INTO teacher_schedule VALUES('19', '1', '7', '12', '1', '1', '2 ', '5', '4');
INSERT INTO teacher_schedule VALUES('20', '1', '7', '4', '15', '1', '2 ', '2', '4');
INSERT INTO teacher_schedule VALUES('21', '1', '7', '4', '15', '1', '1 ', '4', '4');CREATE TABLE `teachers` (  `teachers_id` int(10) unsigned NOT NULL auto_increment,  `teachers_fname` varchar(30) default NULL,  `teachers_lname` varchar(30) default NULL,  `teachers_mi` varchar(5) default NULL,  `teachers_school` int(10) unsigned default NULL,  `teachers_email` varchar(60) default NULL,  `teachers_title` int(10) unsigned default NULL,  `teachers_active` varchar(1) NOT NULL,  PRIMARY KEY  (`teachers_id`)) ENGINE=MyISAM AUTO_INCREMENT=13 DEFAULT CHARSET=latin1;
INSERT INTO teachers VALUES('3', 'Teacher', 'Test', '', '7', 'planet1@netzero.com', '3', '');
INSERT INTO teachers VALUES('4', 'Ron', 'Smith', 'X', '7', 'teacherrs@teacher.edu', '3', '');
INSERT INTO teachers VALUES('5', 'Trying', 'Teacher', '', '7', 'zopper45@gmail.com', '3', '');
INSERT INTO teachers VALUES('1', 'Select', 'Teacher', '', '7', 'bigguy@yahoo.com', '3', '');
INSERT INTO teachers VALUES('7', 'Doug', 'Poulin', 'E', '7', 'ibetheteacher@hotmail.com', '3', '');
INSERT INTO teachers VALUES('8', 'Direi', 'Lljsdks', 'D', '7', 'jhfhdk@edu.org', '3', '');
INSERT INTO teachers VALUES('9', 'Mary', 'Catcher', 'M', '7', 'leinfellner@yeshua.at', '4', '');
INSERT INTO teachers VALUES('10', 'John', 'Proulx', 'J', '7', 'jpoukl@hdkjs.edu', '3', '');
INSERT INTO teachers VALUES('11', 'Paul', 'Confgdjf', 'B', '7', 'gfhdhed@ed.edu', '3', '');
INSERT INTO teachers VALUES('12', 'Ray', 'Kronis', 'W', '7', 'rktonic@eds.edu', '3', '');CREATE TABLE `teachers_students` (  `teacher_student_id` int(11) NOT NULL auto_increment,  `teacher_id` int(11) NOT NULL default '0',  `studentid` int(11) NOT NULL default '0',  PRIMARY KEY  (`teacher_student_id`)) ENGINE=MyISAM DEFAULT CHARSET=latin1;CREATE TABLE `web_users` (  `web_users_id` int(10) unsigned NOT NULL auto_increment,  `web_users_type` char(1) default NULL,  `web_users_relid` int(10) unsigned default NULL,  `web_users_username` varchar(15) default NULL,  `web_users_password` varchar(10) default NULL,  `web_users_flname` varchar(60) default NULL,  `web_users_active` int(11) NOT NULL default '0',  `active` tinyint(4) NOT NULL default '0',  PRIMARY KEY  (`web_users_id`)) ENGINE=MyISAM AUTO_INCREMENT=42 DEFAULT CHARSET=latin1;
INSERT INTO web_users VALUES('1', 'A', '1', 'admin', 'admin123', 'Helmut Leinfellner', '0', '1');
INSERT INTO web_users VALUES('16', 'T', '3', 'teacher', 'teacher', 'Teacher Test', '0', '1');
INSERT INTO web_users VALUES('17', 'C', '49', 'pippo', 'pappa', 'Pippo Pappa', '0', '1');
INSERT INTO web_users VALUES('18', 'C', '50', 'rirvin', 'ralph', 'Ronald Junins', '0', '1');
INSERT INTO web_users VALUES('19', 'T', '4', 'rsmith', 'rsmith', 'Ron Smith', '0', '1');
INSERT INTO web_users VALUES('25', 'T', '8', 'dfgst', 'dgsfs', 'Direi  Lljsdks', '0', '1');
INSERT INTO web_users VALUES('26', 'C', '119', 'kteague', 'kteague', 'Kristi Treag', '0', '1');
INSERT INTO web_users VALUES('27', 'C', '120', 'kteague', 'kteague', 'Kristi Treag', '0', '1');
INSERT INTO web_users VALUES('30', 'T', '11', 'mgolf', 'mgolf', 'Paul  Confgdjf', '0', '1');
INSERT INTO web_users VALUES('31', 'N', '12', 'rkronis', 'rkronis', 'Ray  Kronis', '0', '1');
INSERT INTO web_users VALUES('40', 'C', '3', 'ann', 'ann', ' ', '0', '1');
INSERT INTO web_users VALUES('41', 'T', '9', 'catcher', 'catcher', 'Mary Catcher', '0', '1');